name,school,position,nil_value_usd,estimated_nil_usd,estimation_method,model_pred_usd,top_comparable_1,top_comparable_2,top_comparable_3,confidence_range
Nikhai Hill-Green,Alabama,MLB,400000.0,400000.0,actual,265116.25,,,,0.0
Deontae Lawson,Alabama,MLB,800000.0,800000.0,actual,1508315.0,,,,0.0
DaShawn Jones,Alabama,S,400000.0,400000.0,actual,507204.75,,,,0.0
Germie Bernard,Alabama,WR,500000.0,500000.0,actual,1012977.3125,,,,0.0
Isaiah Horton,Alabama,WR,600000.0,600000.0,actual,727260.0625,,,,0.0
Domani Jackson,Alabama,S,500000.0,500000.0,actual,379269.6875,,,,0.0
Keon Sabb,Alabama,S,700000.0,700000.0,actual,355507.125,,,,0.0
Ty Simpson,Alabama,QB,400000.0,400000.0,actual,1613424.25,,,,0.0
Jah-Marien Latham,Alabama,MLB,,731819.8462293418,comparative,306358.03125,"Nikhai Hill-Green (Alabama, $400,000, sim=0.18)","Harold Perkins Jr. (LSU, $1,600,000, sim=0.13)","Deontae Lawson (Alabama, $800,000, sim=0.13)",1250000.0
Brody Dalton,Alabama,TE,300000.0,300000.0,actual,177958.390625,,,,0.0
Peter Knudson,Alabama,TE,,435443.11321083154,comparative,102929.3828125,"Brody Dalton (Alabama, $300,000, sim=0.44)","Danny Lewis Jr. (Alabama, $400,000, sim=0.35)","Lawson Luckie (Georgia, $500,000, sim=0.22)",400000.0
Jalen Hale,Alabama,WR,,676132.400188016,comparative,57250.09765625,"Cole Adams (Alabama, $350,000, sim=0.28)","Jalen Brown (Arkansas, $400,000, sim=0.16)","Barion Brown (LSU, $900,000, sim=0.15)",1150000.0
Yhonzae Pierre,Alabama,MLB,350000.0,350000.0,actual,594658.875,,,,0.0
Josh Cuevas,Alabama,TE,,493044.97669523314,comparative,226215.4375,"Lawson Luckie (Georgia, $500,000, sim=0.31)","Oscar Delp (Georgia, $700,000, sim=0.29)","Brody Dalton (Alabama, $300,000, sim=0.22)",400000.0
Danny Lewis Jr.,Alabama,TE,400000.0,400000.0,actual,124933.296875,,,,0.0
Cole Adams,Alabama,WR,350000.0,350000.0,actual,206946.421875,,,,0.0
Cam Calhoun,Alabama,S,350000.0,350000.0,actual,367338.625,,,,0.0
Bray Hubbard,Alabama,S,,565068.3136058867,comparative,2655854.5,"Zabien Brown (Alabama, $300,000, sim=0.24)","KJ Bolden (Georgia, $900,000, sim=0.21)","Keon Sabb (Alabama, $700,000, sim=0.20)",600000.0
Jayden Hobson,Alabama,TE,,451048.8295703535,comparative,45233.0078125,"Danny Lewis Jr. (Alabama, $400,000, sim=0.35)","Brody Dalton (Alabama, $300,000, sim=0.26)","Lawson Luckie (Georgia, $500,000, sim=0.22)",400000.0
Zabien Brown,Alabama,S,300000.0,300000.0,actual,445390.5625,,,,0.0
Cayden Jones,Alabama,MLB,,750540.7964301464,comparative,52746.6171875,"Nikhai Hill-Green (Alabama, $400,000, sim=0.18)","Harold Perkins Jr. (LSU, $1,600,000, sim=0.15)","Deontae Lawson (Alabama, $800,000, sim=0.14)",1250000.0
Austin Mack,Alabama,QB,,1078897.6982091204,comparative,598880.0625,"Keelon Russell (Alabama, $800,000, sim=0.39)","Garrett Nussmeier (LSU, $2,900,000, sim=0.19)","Sam Horn (Missouri, $900,000, sim=0.18)",2500000.0
Jaylen Mbakwe,Alabama,WR,,611597.4213341685,comparative,347403.96875,"Cole Adams (Alabama, $350,000, sim=0.54)","Jalen Brown (Arkansas, $400,000, sim=0.19)","Barion Brown (LSU, $900,000, sim=0.17)",1150000.0
Zavier Mincey,Alabama,S,,503661.73108233814,comparative,163149.921875,"Cam Calhoun (Alabama, $350,000, sim=0.29)","DaShawn Jones (Alabama, $400,000, sim=0.26)","Jardin Gilbert (LSU, $600,000, sim=0.25)",350000.0
Rico Scott,Alabama,WR,,662925.5256437534,comparative,114869.0703125,"Cole Adams (Alabama, $350,000, sim=0.38)","Jalen Brown (Arkansas, $400,000, sim=0.18)","Isaiah Horton (Alabama, $600,000, sim=0.17)",1150000.0
JD Baird,Alabama,MLB,,731976.167411322,comparative,328115.5625,"Nikhai Hill-Green (Alabama, $400,000, sim=0.17)","Harold Perkins Jr. (LSU, $1,600,000, sim=0.13)","Deontae Lawson (Alabama, $800,000, sim=0.13)",1250000.0
Prince Butler,Alabama,S,,505531.60769971187,comparative,846291.75,"Jardin Gilbert (LSU, $600,000, sim=0.39)","DaShawn Jones (Alabama, $400,000, sim=0.35)","Domani Jackson (Alabama, $500,000, sim=0.28)",350000.0
Peyton Fox,Alabama,TE,,435443.11321083154,comparative,102929.3828125,"Brody Dalton (Alabama, $300,000, sim=0.44)","Danny Lewis Jr. (Alabama, $400,000, sim=0.35)","Lawson Luckie (Georgia, $500,000, sim=0.22)",400000.0
Jay Loper Jr.,Alabama,WR,,701352.6966476365,comparative,261069.21875,"Cole Adams (Alabama, $350,000, sim=0.22)","Barion Brown (LSU, $900,000, sim=0.17)","Jalen Brown (Arkansas, $400,000, sim=0.15)",1150000.0
Vito Perri,Alabama,MLB,,736196.2051338417,comparative,114362.984375,"Nikhai Hill-Green (Alabama, $400,000, sim=0.17)","Harold Perkins Jr. (LSU, $1,600,000, sim=0.14)","Deontae Lawson (Alabama, $800,000, sim=0.12)",1250000.0
Cade Carruth,Alabama,QB,,1152138.8508314143,comparative,3620960.25,"Sam Horn (Missouri, $900,000, sim=0.22)","Garrett Nussmeier (LSU, $2,900,000, sim=0.18)","Keelon Russell (Alabama, $800,000, sim=0.18)",2500000.0
MJ Chirgwin,Alabama,WR,,685906.676916341,comparative,486466.75,"Cole Adams (Alabama, $350,000, sim=0.28)","Barion Brown (LSU, $900,000, sim=0.19)","Jalen Brown (Arkansas, $400,000, sim=0.17)",1150000.0
Peyton Yates,Alabama,S,,505569.58834874036,comparative,829054.375,"Jardin Gilbert (LSU, $600,000, sim=0.39)","DaShawn Jones (Alabama, $400,000, sim=0.35)","Domani Jackson (Alabama, $500,000, sim=0.29)",350000.0
Kameron Howard,Alabama,S,,494888.5920055625,comparative,178110.515625,"Cam Calhoun (Alabama, $350,000, sim=0.31)","Jardin Gilbert (LSU, $600,000, sim=0.25)","DaShawn Jones (Alabama, $400,000, sim=0.25)",350000.0
Dre Kirkpatrick Jr.,Alabama,S,,495401.8479278947,comparative,171083.75,"Cam Calhoun (Alabama, $350,000, sim=0.33)","DaShawn Jones (Alabama, $400,000, sim=0.27)","Jardin Gilbert (LSU, $600,000, sim=0.25)",350000.0
Red Morgan,Alabama,S,,511325.5034572975,comparative,177463.515625,"Keon Sabb (Alabama, $700,000, sim=0.26)","Cam Calhoun (Alabama, $350,000, sim=0.25)","Domani Jackson (Alabama, $500,000, sim=0.24)",350000.0
Noah Carter,Alabama,MLB,,748842.7727621091,comparative,21672.4609375,"Nikhai Hill-Green (Alabama, $400,000, sim=0.15)","Harold Perkins Jr. (LSU, $1,600,000, sim=0.14)","Xavian Sorey Jr. (Arkansas, $500,000, sim=0.12)",1250000.0
Lotzeir Brooks,Alabama,WR,,755518.4539840254,comparative,374261.65625,"Cole Adams (Alabama, $350,000, sim=0.25)","Cam Coleman (Auburn, $1,500,000, sim=0.22)","Isaiah Horton (Alabama, $600,000, sim=0.19)",1150000.0
Justin Hill,Alabama,MLB,,742411.9437654759,comparative,20023.689453125,"Nikhai Hill-Green (Alabama, $400,000, sim=0.16)","Harold Perkins Jr. (LSU, $1,600,000, sim=0.14)","Deontae Lawson (Alabama, $800,000, sim=0.12)",1250000.0
Dijon Lee Jr.,Alabama,S,,514594.75277508923,comparative,207951.0625,"Zabien Brown (Alabama, $300,000, sim=0.38)","KJ Bolden (Georgia, $900,000, sim=0.23)","Keon Sabb (Alabama, $700,000, sim=0.23)",600000.0
Chuck McDonald III,Alabama,S,,493570.11360322894,comparative,153107.03125,"Cam Calhoun (Alabama, $350,000, sim=0.28)","Jardin Gilbert (LSU, $600,000, sim=0.20)","DaShawn Jones (Alabama, $400,000, sim=0.19)",350000.0
Keelon Russell,Alabama,QB,800000.0,800000.0,actual,702641.5625,,,,0.0
Abduall Sanders Jr.,Alabama,MLB,,742873.0414334019,comparative,45459.578125,"Nikhai Hill-Green (Alabama, $400,000, sim=0.14)","Harold Perkins Jr. (LSU, $1,600,000, sim=0.13)","Deontae Lawson (Alabama, $800,000, sim=0.11)",1250000.0
Ryan Williams,Alabama,WR,3200000.0,3200000.0,actual,1843808.375,,,,0.0
Ivan Taylor,Alabama,S,,496045.09320622875,comparative,132841.796875,"Cam Calhoun (Alabama, $350,000, sim=0.29)","DaShawn Jones (Alabama, $400,000, sim=0.21)","Keon Sabb (Alabama, $700,000, sim=0.20)",350000.0
Jay Lindsey,Alabama,TE,,459659.8422693008,comparative,54729.44140625,"Danny Lewis Jr. (Alabama, $400,000, sim=0.28)","Lawson Luckie (Georgia, $500,000, sim=0.21)","Brody Dalton (Alabama, $300,000, sim=0.21)",400000.0
Kaleb Edwards,Alabama,TE,,471524.7763836157,comparative,164839.0,"Danny Lewis Jr. (Alabama, $400,000, sim=0.25)","Lawson Luckie (Georgia, $500,000, sim=0.25)","Brody Dalton (Alabama, $300,000, sim=0.20)",400000.0
Derek Meadows,Alabama,WR,,679909.7894510413,comparative,45137.81640625,"Cole Adams (Alabama, $350,000, sim=0.26)","Jalen Brown (Arkansas, $400,000, sim=0.16)","Barion Brown (LSU, $900,000, sim=0.14)",1150000.0
Jack Sammarco,Alabama,TE,,451048.8295703535,comparative,45233.0078125,"Danny Lewis Jr. (Alabama, $400,000, sim=0.35)","Brody Dalton (Alabama, $300,000, sim=0.26)","Lawson Luckie (Georgia, $500,000, sim=0.22)",400000.0
Justin Jefferson,Alabama,MLB,,730220.3285803117,comparative,267348.53125,"Nikhai Hill-Green (Alabama, $400,000, sim=0.23)","Deontae Lawson (Alabama, $800,000, sim=0.19)","Xavian Sorey Jr. (Arkansas, $500,000, sim=0.18)",1250000.0
Qua Russaw,Alabama,MLB,,742471.3705729326,comparative,23034.509765625,"Nikhai Hill-Green (Alabama, $400,000, sim=0.17)","Harold Perkins Jr. (LSU, $1,600,000, sim=0.15)","Xavian Sorey Jr. (Arkansas, $500,000, sim=0.13)",1250000.0
Walter Sansing III,Alabama,S,,500220.3804831077,comparative,348148.21875,"Jardin Gilbert (LSU, $600,000, sim=0.33)","DaShawn Jones (Alabama, $400,000, sim=0.31)","Cam Calhoun (Alabama, $350,000, sim=0.28)",350000.0
Jake Ivie,Alabama,MLB,,736196.2051338417,comparative,114362.984375,"Nikhai Hill-Green (Alabama, $400,000, sim=0.17)","Harold Perkins Jr. (LSU, $1,600,000, sim=0.14)","Deontae Lawson (Alabama, $800,000, sim=0.12)",1250000.0
Kolby Peavy,Alabama,S,,500844.7616545089,comparative,296254.9375,"Jardin Gilbert (LSU, $600,000, sim=0.34)","DaShawn Jones (Alabama, $400,000, sim=0.32)","Cam Calhoun (Alabama, $350,000, sim=0.29)",350000.0
Conner Warhurst,Alabama,S,,500220.3804831077,comparative,348148.21875,"Jardin Gilbert (LSU, $600,000, sim=0.33)","DaShawn Jones (Alabama, $400,000, sim=0.31)","Cam Calhoun (Alabama, $350,000, sim=0.28)",350000.0
Lane Whisenhunt,Alabama,TE,,441289.3613323883,comparative,51889.9765625,"Danny Lewis Jr. (Alabama, $400,000, sim=0.41)","Brody Dalton (Alabama, $300,000, sim=0.36)","Lawson Luckie (Georgia, $500,000, sim=0.23)",400000.0
Marshall Pritchett,Alabama,TE,,462300.8907928207,comparative,72670.15625,"Danny Lewis Jr. (Alabama, $400,000, sim=0.28)","Lawson Luckie (Georgia, $500,000, sim=0.22)","Brody Dalton (Alabama, $300,000, sim=0.21)",400000.0
QB Reese,Alabama,MLB,,749884.395078051,comparative,54750.26953125,"Nikhai Hill-Green (Alabama, $400,000, sim=0.15)","Harold Perkins Jr. (LSU, $1,600,000, sim=0.14)","Deontae Lawson (Alabama, $800,000, sim=0.13)",1250000.0
Luke Metz,Alabama,MLB,,742627.7557447378,comparative,35557.83203125,"Nikhai Hill-Green (Alabama, $400,000, sim=0.15)","Harold Perkins Jr. (LSU, $1,600,000, sim=0.13)","Deontae Lawson (Alabama, $800,000, sim=0.12)",1250000.0
John Cooper,Alabama,QB,,1088666.9266242161,comparative,779772.0,"Keelon Russell (Alabama, $800,000, sim=0.25)","Sam Horn (Missouri, $900,000, sim=0.22)","Garrett Nussmeier (LSU, $2,900,000, sim=0.16)",2500000.0
Griffin Hanson,Alabama,S,,494352.01514095307,comparative,195607.84375,"Cam Calhoun (Alabama, $350,000, sim=0.31)","Jardin Gilbert (LSU, $600,000, sim=0.25)","DaShawn Jones (Alabama, $400,000, sim=0.24)",350000.0
Cole Davis,Alabama,S,,494352.01514095307,comparative,195607.84375,"Cam Calhoun (Alabama, $350,000, sim=0.31)","Jardin Gilbert (LSU, $600,000, sim=0.25)","DaShawn Jones (Alabama, $400,000, sim=0.24)",350000.0
Cooper Mollison,Alabama,WR,,676132.400188016,comparative,57250.09765625,"Cole Adams (Alabama, $350,000, sim=0.28)","Jalen Brown (Arkansas, $400,000, sim=0.16)","Barion Brown (LSU, $900,000, sim=0.15)",1150000.0
Aeryn Hampton,Alabama,WR,,679909.7894510413,comparative,45137.81640625,"Cole Adams (Alabama, $350,000, sim=0.26)","Jalen Brown (Arkansas, $400,000, sim=0.16)","Barion Brown (LSU, $900,000, sim=0.14)",1150000.0
John Gazzaniga,Alabama,QB,,1315670.9472535306,comparative,546104.5,"Keelon Russell (Alabama, $800,000, sim=0.27)","Sam Horn (Missouri, $900,000, sim=0.19)","Jackson Arnold (Auburn, $500,000, sim=0.15)",2400000.0
Duke Johnson II,Alabama,MLB,,742974.6936828209,comparative,44468.31640625,"Nikhai Hill-Green (Alabama, $400,000, sim=0.14)","Harold Perkins Jr. (LSU, $1,600,000, sim=0.13)","Deontae Lawson (Alabama, $800,000, sim=0.11)",1250000.0
Kyle Clayton,Alabama,S,,493504.0001423965,comparative,154639.34375,"Cam Calhoun (Alabama, $350,000, sim=0.28)","Jardin Gilbert (LSU, $600,000, sim=0.20)","DaShawn Jones (Alabama, $400,000, sim=0.19)",350000.0
London Hill,Alabama,S,,493504.0001423965,comparative,154639.34375,"Cam Calhoun (Alabama, $350,000, sim=0.28)","Jardin Gilbert (LSU, $600,000, sim=0.20)","DaShawn Jones (Alabama, $400,000, sim=0.19)",350000.0
Brody McCutcheon,Alabama,S,,493504.0001423965,comparative,154639.34375,"Cam Calhoun (Alabama, $350,000, sim=0.28)","Jardin Gilbert (LSU, $600,000, sim=0.20)","DaShawn Jones (Alabama, $400,000, sim=0.19)",350000.0
Grant Johnson,Alabama,MLB,,736196.2051338417,comparative,114362.984375,"Nikhai Hill-Green (Alabama, $400,000, sim=0.17)","Harold Perkins Jr. (LSU, $1,600,000, sim=0.14)","Deontae Lawson (Alabama, $800,000, sim=0.12)",1250000.0
Ben Jackson,Alabama,WR,,679909.7894510413,comparative,45137.81640625,"Cole Adams (Alabama, $350,000, sim=0.26)","Jalen Brown (Arkansas, $400,000, sim=0.16)","Barion Brown (LSU, $900,000, sim=0.14)",1150000.0
Monte Harrison,Arkansas,WR,,683485.0394071522,comparative,1801345.75,"Jalen Brown (Arkansas, $400,000, sim=0.26)","Cole Adams (Alabama, $350,000, sim=0.18)","Barion Brown (LSU, $900,000, sim=0.14)",1150000.0
Stephen Dix Jr.,Arkansas,MLB,,717582.6290124106,comparative,153200.796875,"Xavian Sorey Jr. (Arkansas, $500,000, sim=0.24)","Nikhai Hill-Green (Alabama, $400,000, sim=0.16)","Harold Perkins Jr. (LSU, $1,600,000, sim=0.15)",1250000.0
Taylen Green,Arkansas,QB,600000.0,600000.0,actual,3728676.5,,,,0.0
Xavian Sorey Jr.,Arkansas,MLB,500000.0,500000.0,actual,386699.21875,,,,0.0
Jordan Young,Arkansas,S,,497915.9492645614,comparative,2330143.5,"Zabien Brown (Alabama, $300,000, sim=0.17)","DaShawn Jones (Alabama, $400,000, sim=0.16)","Keon Sabb (Alabama, $700,000, sim=0.16)",400000.0
Kani Walker,Arkansas,S,,556481.09072477,comparative,18273500.0,"Zabien Brown (Alabama, $300,000, sim=0.14)","KJ Bolden (Georgia, $900,000, sim=0.12)","Keon Sabb (Alabama, $700,000, sim=0.12)",600000.0
O'Mega Blake,Arkansas,WR,,836151.6400342928,comparative,1789078.875,"Cam Coleman (Auburn, $1,500,000, sim=0.23)","Barion Brown (LSU, $900,000, sim=0.21)","Isaiah Horton (Alabama, $600,000, sim=0.17)",1100000.0
Julian Neal,Arkansas,S,,555799.3616088014,comparative,11254627.0,"Zabien Brown (Alabama, $300,000, sim=0.15)","KJ Bolden (Georgia, $900,000, sim=0.13)","Keon Sabb (Alabama, $700,000, sim=0.13)",600000.0
Jaheim Singletary,Arkansas,S,,512915.45127263723,comparative,537623.0625,"Jardin Gilbert (LSU, $600,000, sim=0.24)","DaShawn Jones (Alabama, $400,000, sim=0.19)","Domani Jackson (Alabama, $500,000, sim=0.18)",350000.0
Shakur Smalls,Arkansas,S,,511042.9611779357,comparative,1775579.5,"Jardin Gilbert (LSU, $600,000, sim=0.19)","DaShawn Jones (Alabama, $400,000, sim=0.18)","Domani Jackson (Alabama, $500,000, sim=0.17)",350000.0
Trent Whalen,Arkansas,MLB,,738563.5983882432,comparative,469152.5,"Xavian Sorey Jr. (Arkansas, $500,000, sim=0.16)","Nikhai Hill-Green (Alabama, $400,000, sim=0.14)","Harold Perkins Jr. (LSU, $1,600,000, sim=0.14)",1250000.0
Quentavius Scandrett,Arkansas,S,,514069.0206995939,comparative,1994027.875,"Jardin Gilbert (LSU, $600,000, sim=0.26)","DaShawn Jones (Alabama, $400,000, sim=0.18)","Domani Jackson (Alabama, $500,000, sim=0.17)",350000.0
Andreas Paaske,Arkansas,TE,,465263.55470120074,comparative,141890.0625,"Brody Dalton (Alabama, $300,000, sim=0.20)","Danny Lewis Jr. (Alabama, $400,000, sim=0.19)","Lawson Luckie (Georgia, $500,000, sim=0.17)",400000.0
Brayson McHenry,Arkansas,QB,,1180776.1392958076,comparative,4285631.5,"Sam Horn (Missouri, $900,000, sim=0.30)","Jackson Arnold (Auburn, $500,000, sim=0.16)","Garrett Nussmeier (LSU, $2,900,000, sim=0.16)",2400000.0
Caleb Wooden,Arkansas,S,,506724.35804756684,comparative,1162790.75,"Keon Sabb (Alabama, $700,000, sim=0.18)","Domani Jackson (Alabama, $500,000, sim=0.18)","Jardin Gilbert (LSU, $600,000, sim=0.18)",400000.0
Miguel Mitchell,Arkansas,S,,517956.2600917798,comparative,358547.6875,"Jardin Gilbert (LSU, $600,000, sim=0.21)","Domani Jackson (Alabama, $500,000, sim=0.19)","Keon Sabb (Alabama, $700,000, sim=0.18)",350000.0
Jalen Brown,Arkansas,WR,400000.0,400000.0,actual,273158.40625,,,,0.0
Andrew Harris,Arkansas,MLB,,738179.8552837977,comparative,343248.53125,"Xavian Sorey Jr. (Arkansas, $500,000, sim=0.15)","Nikhai Hill-Green (Alabama, $400,000, sim=0.14)","Harold Perkins Jr. (LSU, $1,600,000, sim=0.13)",1250000.0
Andy Jean,Arkansas,WR,,665981.4618489845,comparative,624671.6875,"Jalen Brown (Arkansas, $400,000, sim=0.33)","Cole Adams (Alabama, $350,000, sim=0.19)","Barion Brown (LSU, $900,000, sim=0.15)",1150000.0
Raylen Sharpe,Arkansas,WR,,792152.169428342,comparative,770568.3125,"Barion Brown (LSU, $900,000, sim=0.24)","Cam Coleman (Auburn, $1,500,000, sim=0.21)","Jalen Brown (Arkansas, $400,000, sim=0.21)",1150000.0
Jaden Platt,Arkansas,TE,,474809.62271862384,comparative,111177.96875,"Lawson Luckie (Georgia, $500,000, sim=0.17)","Danny Lewis Jr. (Alabama, $400,000, sim=0.17)","Oscar Delp (Georgia, $700,000, sim=0.16)",400000.0
Jaden Allen,Arkansas,S,,506295.3104405163,comparative,416344.59375,"Jardin Gilbert (LSU, $600,000, sim=0.17)","Cam Calhoun (Alabama, $350,000, sim=0.17)","DaShawn Jones (Alabama, $400,000, sim=0.15)",350000.0
KJ Jackson,Arkansas,QB,,1168744.0193267083,comparative,777496.8125,"Sam Horn (Missouri, $900,000, sim=0.19)","Keelon Russell (Alabama, $800,000, sim=0.19)","Jackson Arnold (Auburn, $500,000, sim=0.17)",2400000.0
Bradley Shaw,Arkansas,MLB,,760999.2849029384,comparative,110032.125,"Xavian Sorey Jr. (Arkansas, $500,000, sim=0.20)","Harold Perkins Jr. (LSU, $1,600,000, sim=0.18)","Nikhai Hill-Green (Alabama, $400,000, sim=0.16)",1250000.0
Rykar Acebo,Arkansas,WR,,699164.6008928119,comparative,257732.78125,"Jalen Brown (Arkansas, $400,000, sim=0.22)","Cole Adams (Alabama, $350,000, sim=0.17)","Barion Brown (LSU, $900,000, sim=0.15)",1150000.0
Landon Phipps,Arkansas,S,,511912.94409967435,comparative,814670.625,"Jardin Gilbert (LSU, $600,000, sim=0.24)","DaShawn Jones (Alabama, $400,000, sim=0.18)","Cam Calhoun (Alabama, $350,000, sim=0.17)",350000.0
Mason Schueck,Arkansas,MLB,,738288.1443786209,comparative,361729.78125,"Xavian Sorey Jr. (Arkansas, $500,000, sim=0.15)","Nikhai Hill-Green (Alabama, $400,000, sim=0.14)","Harold Perkins Jr. (LSU, $1,600,000, sim=0.13)",1250000.0
Rohan Jones,Arkansas,TE,,483098.73959986394,comparative,1444426.625,"Oscar Delp (Georgia, $700,000, sim=0.15)","Lawson Luckie (Georgia, $500,000, sim=0.15)","Brody Dalton (Alabama, $300,000, sim=0.13)",400000.0
Larry Worth III,Arkansas,S,,510060.9973995179,comparative,745255.25,"Jardin Gilbert (LSU, $600,000, sim=0.19)","Domani Jackson (Alabama, $500,000, sim=0.19)","Keon Sabb (Alabama, $700,000, sim=0.17)",400000.0
Walker Catsavis,Arkansas,WR,,699164.6008928119,comparative,257732.78125,"Jalen Brown (Arkansas, $400,000, sim=0.22)","Cole Adams (Alabama, $350,000, sim=0.17)","Barion Brown (LSU, $900,000, sim=0.15)",1150000.0
Selman Bridges,Arkansas,S,,508432.24624901253,comparative,566540.625,"Jardin Gilbert (LSU, $600,000, sim=0.21)","Cam Calhoun (Alabama, $350,000, sim=0.18)","DaShawn Jones (Alabama, $400,000, sim=0.16)",350000.0
Ismael Cisse,Arkansas,WR,,693043.8436674203,comparative,167050.46875,"Jalen Brown (Arkansas, $400,000, sim=0.23)","Cole Adams (Alabama, $350,000, sim=0.17)","Barion Brown (LSU, $900,000, sim=0.14)",1150000.0
Kam Shanks,Arkansas,WR,,649582.9663134636,comparative,179844.0,"Jalen Brown (Arkansas, $400,000, sim=0.47)","Cole Adams (Alabama, $350,000, sim=0.20)","Barion Brown (LSU, $900,000, sim=0.17)",1150000.0
Courtney Crutchfield,Arkansas,WR,,666511.9520946606,comparative,454976.28125,"Jalen Brown (Arkansas, $400,000, sim=0.33)","Cole Adams (Alabama, $350,000, sim=0.19)","Cam Coleman (Auburn, $1,500,000, sim=0.15)",1150000.0
Trever Jackson,Arkansas,QB,,1159930.6737239608,comparative,1871408.75,"Sam Horn (Missouri, $900,000, sim=0.22)","Keelon Russell (Alabama, $800,000, sim=0.17)","Jackson Arnold (Auburn, $500,000, sim=0.15)",2400000.0
Ja'Kayden Ferguson,Arkansas,WR,,694596.5856539599,comparative,148923.9375,"Jalen Brown (Arkansas, $400,000, sim=0.22)","Cole Adams (Alabama, $350,000, sim=0.17)","Cam Coleman (Auburn, $1,500,000, sim=0.13)",1150000.0
Tavion Wallace,Arkansas,MLB,,743609.0968195898,comparative,118459.28125,"Xavian Sorey Jr. (Arkansas, $500,000, sim=0.13)","Harold Perkins Jr. (LSU, $1,600,000, sim=0.12)","Nikhai Hill-Green (Alabama, $400,000, sim=0.12)",1250000.0
Grayson Wilson,Arkansas,QB,,1159892.3797504285,comparative,1875976.0,"Sam Horn (Missouri, $900,000, sim=0.22)","Keelon Russell (Alabama, $800,000, sim=0.17)","Jackson Arnold (Auburn, $500,000, sim=0.15)",2400000.0
CJ Brown,Arkansas,WR,,713656.8288823331,comparative,199776.5625,"Jalen Brown (Arkansas, $400,000, sim=0.39)","Cam Coleman (Auburn, $1,500,000, sim=0.22)","Barion Brown (LSU, $900,000, sim=0.19)",1150000.0
Justin Logan,Arkansas,MLB,,743617.907327432,comparative,121597.5,"Xavian Sorey Jr. (Arkansas, $500,000, sim=0.13)","Harold Perkins Jr. (LSU, $1,600,000, sim=0.12)","Nikhai Hill-Green (Alabama, $400,000, sim=0.12)",1250000.0
Wyatt Simmons,Arkansas,MLB,,742754.6859424181,comparative,63096.1640625,"Xavian Sorey Jr. (Arkansas, $500,000, sim=0.14)","Harold Perkins Jr. (LSU, $1,600,000, sim=0.13)","Nikhai Hill-Green (Alabama, $400,000, sim=0.13)",1250000.0
Ahkhari Johnson,Arkansas,S,,508856.148745004,comparative,502373.40625,"Jardin Gilbert (LSU, $600,000, sim=0.21)","Cam Calhoun (Alabama, $350,000, sim=0.18)","DaShawn Jones (Alabama, $400,000, sim=0.16)",350000.0
Jabrae Shaw,Arkansas,S,,508432.24624901253,comparative,566540.625,"Jardin Gilbert (LSU, $600,000, sim=0.21)","Cam Calhoun (Alabama, $350,000, sim=0.18)","DaShawn Jones (Alabama, $400,000, sim=0.16)",350000.0
Anton Pierce,Arkansas,S,,508432.24624901253,comparative,566540.625,"Jardin Gilbert (LSU, $600,000, sim=0.21)","Cam Calhoun (Alabama, $350,000, sim=0.18)","DaShawn Jones (Alabama, $400,000, sim=0.16)",350000.0
Maddox Lassiter,Arkansas,TE,,462739.62484420266,comparative,30701.95703125,"Danny Lewis Jr. (Alabama, $400,000, sim=0.18)","Brody Dalton (Alabama, $300,000, sim=0.17)","Lawson Luckie (Georgia, $500,000, sim=0.15)",400000.0
Braylon Watson,Arkansas,S,,511535.222362805,comparative,909107.375,"Jardin Gilbert (LSU, $600,000, sim=0.24)","DaShawn Jones (Alabama, $400,000, sim=0.18)","Cam Calhoun (Alabama, $350,000, sim=0.17)",350000.0
Jace Petty,Arkansas,WR,,699164.6008928119,comparative,257732.78125,"Jalen Brown (Arkansas, $400,000, sim=0.22)","Cole Adams (Alabama, $350,000, sim=0.17)","Barion Brown (LSU, $900,000, sim=0.15)",1150000.0
JJ Shelton,Arkansas,MLB,,744708.7808569256,comparative,60242.9765625,"Xavian Sorey Jr. (Arkansas, $500,000, sim=0.14)","Harold Perkins Jr. (LSU, $1,600,000, sim=0.13)","Nikhai Hill-Green (Alabama, $400,000, sim=0.13)",1250000.0
Krosse Johnson,Arkansas,WR,,677489.1950158584,comparative,209284.84375,"Jalen Brown (Arkansas, $400,000, sim=0.28)","Cole Adams (Alabama, $350,000, sim=0.18)","Cam Coleman (Auburn, $1,500,000, sim=0.14)",1150000.0
Antonio Jordan,Arkansas,WR,,694596.5856539599,comparative,148923.9375,"Jalen Brown (Arkansas, $400,000, sim=0.22)","Cole Adams (Alabama, $350,000, sim=0.17)","Cam Coleman (Auburn, $1,500,000, sim=0.13)",1150000.0
Zach Taylor,Arkansas,WR,,694611.0682943609,comparative,136387.828125,"Jalen Brown (Arkansas, $400,000, sim=0.22)","Cole Adams (Alabama, $350,000, sim=0.17)","Cam Coleman (Auburn, $1,500,000, sim=0.13)",1150000.0
Cade Fields,Arkansas,MLB,,738288.1443786209,comparative,361729.78125,"Xavian Sorey Jr. (Arkansas, $500,000, sim=0.15)","Nikhai Hill-Green (Alabama, $400,000, sim=0.14)","Harold Perkins Jr. (LSU, $1,600,000, sim=0.13)",1250000.0
Preston Davis,Arkansas,MLB,,743697.4297348325,comparative,130687.75,"Xavian Sorey Jr. (Arkansas, $500,000, sim=0.13)","Harold Perkins Jr. (LSU, $1,600,000, sim=0.12)","Nikhai Hill-Green (Alabama, $400,000, sim=0.12)",1250000.0
Joseph Whitt,Arkansas,MLB,,743697.4297348325,comparative,130687.75,"Xavian Sorey Jr. (Arkansas, $500,000, sim=0.13)","Harold Perkins Jr. (LSU, $1,600,000, sim=0.12)","Nikhai Hill-Green (Alabama, $400,000, sim=0.12)",1250000.0
Nigel Pringle,Arkansas,S,,506439.12109072827,comparative,399183.75,"Jardin Gilbert (LSU, $600,000, sim=0.17)","Cam Calhoun (Alabama, $350,000, sim=0.17)","DaShawn Jones (Alabama, $400,000, sim=0.15)",350000.0
Taijh Overton,Arkansas,S,,506295.3104405163,comparative,416344.59375,"Jardin Gilbert (LSU, $600,000, sim=0.17)","Cam Calhoun (Alabama, $350,000, sim=0.17)","DaShawn Jones (Alabama, $400,000, sim=0.15)",350000.0
Gavin Garretson,Arkansas,TE,,464231.2492122493,comparative,37379.23046875,"Danny Lewis Jr. (Alabama, $400,000, sim=0.17)","Brody Dalton (Alabama, $300,000, sim=0.15)","Lawson Luckie (Georgia, $500,000, sim=0.14)",400000.0
Keshawn Davila,Arkansas,S,,511116.0367008295,comparative,763511.5,"Jardin Gilbert (LSU, $600,000, sim=0.22)","DaShawn Jones (Alabama, $400,000, sim=0.19)","Cam Calhoun (Alabama, $350,000, sim=0.17)",350000.0
Jeremiah Beck Jr.,Arkansas,TE,,461106.11123949866,comparative,56910.79296875,"Danny Lewis Jr. (Alabama, $400,000, sim=0.19)","Brody Dalton (Alabama, $300,000, sim=0.18)","Lawson Luckie (Georgia, $500,000, sim=0.15)",400000.0
Hutson Hendrix,Arkansas,TE,,464231.2492122493,comparative,37379.23046875,"Danny Lewis Jr. (Alabama, $400,000, sim=0.17)","Brody Dalton (Alabama, $300,000, sim=0.15)","Lawson Luckie (Georgia, $500,000, sim=0.14)",400000.0
Grant Karnes,Arkansas,WR,,694596.5856539599,comparative,148923.9375,"Jalen Brown (Arkansas, $400,000, sim=0.22)","Cole Adams (Alabama, $350,000, sim=0.17)","Cam Coleman (Auburn, $1,500,000, sim=0.13)",1150000.0
Tate Johnson,Auburn,TE,,448903.1145709455,comparative,70463.7265625,"Brody Dalton (Alabama, $300,000, sim=0.30)","Danny Lewis Jr. (Alabama, $400,000, sim=0.27)","Lawson Luckie (Georgia, $500,000, sim=0.19)",400000.0
Jahquez Robinson,Auburn,S,,517600.03505385504,comparative,381608.375,"Jardin Gilbert (LSU, $600,000, sim=0.38)","Domani Jackson (Alabama, $500,000, sim=0.31)","DaShawn Jones (Alabama, $400,000, sim=0.27)",350000.0
Preston Howard,Auburn,TE,,457639.4765384379,comparative,54686.39453125,"Danny Lewis Jr. (Alabama, $400,000, sim=0.32)","Brody Dalton (Alabama, $300,000, sim=0.29)","Lawson Luckie (Georgia, $500,000, sim=0.23)",400000.0
Jacoby Mathews,Auburn,S,,510965.52562375274,comparative,404095.71875,"Jardin Gilbert (LSU, $600,000, sim=0.37)","DaShawn Jones (Alabama, $400,000, sim=0.25)","Cam Calhoun (Alabama, $350,000, sim=0.24)",350000.0
Robert Woodyard Jr.,Auburn,MLB,,769608.051504575,comparative,139526.75,"Harold Perkins Jr. (LSU, $1,600,000, sim=0.24)","Xavian Sorey Jr. (Arkansas, $500,000, sim=0.24)","Nikhai Hill-Green (Alabama, $400,000, sim=0.19)",1250000.0
Antwon Fegans Jr.,Auburn,S,,518539.42782751884,comparative,963033.4375,"Jardin Gilbert (LSU, $600,000, sim=0.47)","DaShawn Jones (Alabama, $400,000, sim=0.27)","Domani Jackson (Alabama, $500,000, sim=0.24)",350000.0
Brandon Frazier,Auburn,TE,,457939.33433454286,comparative,84596.03125,"Brody Dalton (Alabama, $300,000, sim=0.32)","Danny Lewis Jr. (Alabama, $400,000, sim=0.28)","Oscar Delp (Georgia, $700,000, sim=0.24)",400000.0
Horatio Fields,Auburn,WR,,712011.0564177034,comparative,210222.609375,"Cole Adams (Alabama, $350,000, sim=0.23)","Barion Brown (LSU, $900,000, sim=0.23)","Jalen Brown (Arkansas, $400,000, sim=0.21)",1150000.0
Ashton Daniels,Auburn,QB,,1223574.9684117883,comparative,526223.8125,"Jackson Arnold (Auburn, $500,000, sim=0.27)","Garrett Nussmeier (LSU, $2,900,000, sim=0.25)","Sam Horn (Missouri, $900,000, sim=0.20)",2400000.0
Caleb Wheatland,Auburn,MLB,,734668.6721701224,comparative,365008.0,"Nikhai Hill-Green (Alabama, $400,000, sim=0.16)","Xavian Sorey Jr. (Arkansas, $500,000, sim=0.14)","Harold Perkins Jr. (LSU, $1,600,000, sim=0.14)",1250000.0
Jackson Arnold,Auburn,QB,500000.0,500000.0,actual,538945.4375,,,,0.0
Sylvester Smith,Auburn,S,,528542.7088416098,comparative,419419.59375,"Cam Calhoun (Alabama, $350,000, sim=0.24)","Keon Sabb (Alabama, $700,000, sim=0.22)","KJ Bolden (Georgia, $900,000, sim=0.22)",600000.0
Xavier Atkins,Auburn,MLB,,730423.1933954987,comparative,10731111.0,"Yhonzae Pierre (Alabama, $350,000, sim=0.22)","Harold Perkins Jr. (LSU, $1,600,000, sim=0.16)","Xavian Sorey Jr. (Arkansas, $500,000, sim=0.13)",1250000.0
Cam Coleman,Auburn,WR,1500000.0,1500000.0,actual,936987.5,,,,0.0
Demarcus Riddick,Auburn,MLB,,742897.6226376961,comparative,24883.388671875,"Nikhai Hill-Green (Alabama, $400,000, sim=0.17)","Xavian Sorey Jr. (Arkansas, $500,000, sim=0.15)","Harold Perkins Jr. (LSU, $1,600,000, sim=0.15)",1250000.0
Malcolm Simmons,Auburn,WR,,768081.5258871033,comparative,955112.625,"Cam Coleman (Auburn, $1,500,000, sim=0.22)","Jalen Brown (Arkansas, $400,000, sim=0.21)","Barion Brown (LSU, $900,000, sim=0.19)",1150000.0
Perry Thompson,Auburn,WR,,686553.5667481946,comparative,111310.15625,"Cole Adams (Alabama, $350,000, sim=0.29)","Jalen Brown (Arkansas, $400,000, sim=0.29)","Barion Brown (LSU, $900,000, sim=0.21)",1150000.0
Taye Seymore,Auburn,S,,510856.7467463935,comparative,412072.09375,"Jardin Gilbert (LSU, $600,000, sim=0.37)","DaShawn Jones (Alabama, $400,000, sim=0.25)","Cam Calhoun (Alabama, $350,000, sim=0.24)",350000.0
Camden Etheredge,Auburn,TE,,456843.78024683485,comparative,113945.4765625,"Danny Lewis Jr. (Alabama, $400,000, sim=0.31)","Brody Dalton (Alabama, $300,000, sim=0.28)","Lawson Luckie (Georgia, $500,000, sim=0.22)",400000.0
Paul Thompson Jr.,Auburn,S,,510856.7467463935,comparative,412072.09375,"Jardin Gilbert (LSU, $600,000, sim=0.37)","DaShawn Jones (Alabama, $400,000, sim=0.25)","Cam Calhoun (Alabama, $350,000, sim=0.24)",350000.0
Kaleb Harris,Auburn,S,,520979.90818271815,comparative,175151.9375,"Keon Sabb (Alabama, $700,000, sim=0.25)","Domani Jackson (Alabama, $500,000, sim=0.23)","Jardin Gilbert (LSU, $600,000, sim=0.20)",350000.0
Eric Singleton Jr.,Auburn,WR,,854360.2417599804,comparative,251976.875,"Barion Brown (LSU, $900,000, sim=0.35)","Cam Coleman (Auburn, $1,500,000, sim=0.34)","Isaiah Horton (Alabama, $600,000, sim=0.22)",1150000.0
AnQuon Fegans,Auburn,S,,506849.21779552294,comparative,122619.0078125,"Cam Calhoun (Alabama, $350,000, sim=0.23)","Keon Sabb (Alabama, $700,000, sim=0.20)","Jardin Gilbert (LSU, $600,000, sim=0.20)",350000.0
J.J. Faulk,Auburn,MLB,,745421.4059741013,comparative,35384.6953125,"Nikhai Hill-Green (Alabama, $400,000, sim=0.14)","Harold Perkins Jr. (LSU, $1,600,000, sim=0.13)","Xavian Sorey Jr. (Arkansas, $500,000, sim=0.13)",1250000.0
Ryan Ghea,Auburn,TE,,462880.22920143453,comparative,59869.14453125,"Danny Lewis Jr. (Alabama, $400,000, sim=0.24)","Brody Dalton (Alabama, $300,000, sim=0.19)","Lawson Luckie (Georgia, $500,000, sim=0.19)",400000.0
Deuce Knight,Auburn,QB,,1136278.0634934872,comparative,309150.96875,"Keelon Russell (Alabama, $800,000, sim=0.27)","Jackson Arnold (Auburn, $500,000, sim=0.20)","Sam Horn (Missouri, $900,000, sim=0.18)",2400000.0
Eric Winters,Auburn,S,,492814.2060366034,comparative,114049.84375,"Keon Sabb (Alabama, $700,000, sim=0.21)","Cam Calhoun (Alabama, $350,000, sim=0.21)","Jardin Gilbert (LSU, $600,000, sim=0.19)",400000.0
Elijah Melendez,Auburn,MLB,,747359.4628072619,comparative,11681.42578125,"Nikhai Hill-Green (Alabama, $400,000, sim=0.15)","Harold Perkins Jr. (LSU, $1,600,000, sim=0.15)","Xavian Sorey Jr. (Arkansas, $500,000, sim=0.15)",1250000.0
Bryce Cain,Auburn,WR,,681734.5652132231,comparative,54006.140625,"Cole Adams (Alabama, $350,000, sim=0.24)","Jalen Brown (Arkansas, $400,000, sim=0.21)","Barion Brown (LSU, $900,000, sim=0.15)",1150000.0
John Colvin,Auburn,QB,,1332058.92755999,comparative,914052.25,"Sam Horn (Missouri, $900,000, sim=0.27)","Keelon Russell (Alabama, $800,000, sim=0.22)","Jackson Arnold (Auburn, $500,000, sim=0.17)",2400000.0
Champ Anthony,Auburn,S,,511612.39535112143,comparative,271083.34375,"Jardin Gilbert (LSU, $600,000, sim=0.36)","DaShawn Jones (Alabama, $400,000, sim=0.28)","Domani Jackson (Alabama, $500,000, sim=0.26)",350000.0
Coleman Granberry,Auburn,MLB,,743191.3204189985,comparative,49681.73046875,"Nikhai Hill-Green (Alabama, $400,000, sim=0.15)","Harold Perkins Jr. (LSU, $1,600,000, sim=0.14)","Xavian Sorey Jr. (Arkansas, $500,000, sim=0.14)",1250000.0
Will Upton,Auburn,WR,,686153.3387674037,comparative,54224.7578125,"Cole Adams (Alabama, $350,000, sim=0.23)","Jalen Brown (Arkansas, $400,000, sim=0.20)","Barion Brown (LSU, $900,000, sim=0.16)",1150000.0
Bryce Deas,Auburn,MLB,,743754.6079817176,comparative,20294.388671875,"Nikhai Hill-Green (Alabama, $400,000, sim=0.15)","Harold Perkins Jr. (LSU, $1,600,000, sim=0.14)","Xavian Sorey Jr. (Arkansas, $500,000, sim=0.14)",1250000.0
Hollis Davidson III,Auburn,TE,,460014.66587532434,comparative,28175.873046875,"Danny Lewis Jr. (Alabama, $400,000, sim=0.22)","Brody Dalton (Alabama, $300,000, sim=0.18)","Lawson Luckie (Georgia, $500,000, sim=0.17)",400000.0
Sam Turner,Auburn,WR,,687862.6459357996,comparative,45034.01953125,"Cole Adams (Alabama, $350,000, sim=0.22)","Jalen Brown (Arkansas, $400,000, sim=0.19)","Barion Brown (LSU, $900,000, sim=0.14)",1150000.0
A'mon Lane-Ganus,Auburn,S,,500146.78785869805,comparative,176502.78125,"Cam Calhoun (Alabama, $350,000, sim=0.24)","Jardin Gilbert (LSU, $600,000, sim=0.20)","DaShawn Jones (Alabama, $400,000, sim=0.18)",350000.0
Kensley Louidor-Faustin,Auburn,S,,513023.9468389835,comparative,189278.671875,"Keon Sabb (Alabama, $700,000, sim=0.25)","Jardin Gilbert (LSU, $600,000, sim=0.24)","Cam Calhoun (Alabama, $350,000, sim=0.23)",350000.0
Cade Carlson,Auburn,S,,500767.2802545902,comparative,159794.6875,"Cam Calhoun (Alabama, $350,000, sim=0.24)","Jardin Gilbert (LSU, $600,000, sim=0.20)","DaShawn Jones (Alabama, $400,000, sim=0.18)",350000.0
Hunter Ousley,Auburn,TE,,460014.66587532434,comparative,28175.873046875,"Danny Lewis Jr. (Alabama, $400,000, sim=0.22)","Brody Dalton (Alabama, $300,000, sim=0.18)","Lawson Luckie (Georgia, $500,000, sim=0.17)",400000.0
Eli Morton,Auburn,TE,,460014.66587532434,comparative,28175.873046875,"Danny Lewis Jr. (Alabama, $400,000, sim=0.22)","Brody Dalton (Alabama, $300,000, sim=0.18)","Lawson Luckie (Georgia, $500,000, sim=0.17)",400000.0
Cam'Ron King,Auburn,WR,,675155.4424304203,comparative,68275.3046875,"Cole Adams (Alabama, $350,000, sim=0.26)","Jalen Brown (Arkansas, $400,000, sim=0.22)","Barion Brown (LSU, $900,000, sim=0.15)",1150000.0
Erick Smith,Auburn,WR,,687862.6459357996,comparative,45034.01953125,"Cole Adams (Alabama, $350,000, sim=0.22)","Jalen Brown (Arkansas, $400,000, sim=0.19)","Barion Brown (LSU, $900,000, sim=0.14)",1150000.0
William Grier McDuffie,Auburn,MLB,,745321.4176606861,comparative,50609.52734375,"Nikhai Hill-Green (Alabama, $400,000, sim=0.14)","Harold Perkins Jr. (LSU, $1,600,000, sim=0.13)","Xavian Sorey Jr. (Arkansas, $500,000, sim=0.12)",1250000.0
Antonio Melendez,Auburn,MLB,,743072.8022310311,comparative,66179.84375,"Nikhai Hill-Green (Alabama, $400,000, sim=0.15)","Harold Perkins Jr. (LSU, $1,600,000, sim=0.14)","Xavian Sorey Jr. (Arkansas, $500,000, sim=0.13)",1250000.0
Will Myers,Auburn,QB,,1326044.728013603,comparative,676218.8125,"Keelon Russell (Alabama, $800,000, sim=0.23)","Sam Horn (Missouri, $900,000, sim=0.22)","Jackson Arnold (Auburn, $500,000, sim=0.16)",2400000.0
Duke Smith,Auburn,WR,,687862.5470439792,comparative,45121.03125,"Cole Adams (Alabama, $350,000, sim=0.22)","Jalen Brown (Arkansas, $400,000, sim=0.19)","Barion Brown (LSU, $900,000, sim=0.14)",1150000.0
Harrison Bailey,Florida,QB,,1409427.908898627,comparative,3904069.5,"Sam Horn (Missouri, $900,000, sim=0.23)","Garrett Nussmeier (LSU, $2,900,000, sim=0.18)","Jackson Arnold (Auburn, $500,000, sim=0.17)",2400000.0
Clay Millen,Florida,QB,,1409427.908898627,comparative,3904069.5,"Sam Horn (Missouri, $900,000, sim=0.23)","Garrett Nussmeier (LSU, $2,900,000, sim=0.18)","Jackson Arnold (Auburn, $500,000, sim=0.17)",2400000.0
J. Michael Sturdivant,Florida,WR,,773147.8793903526,comparative,421022.625,"Barion Brown (LSU, $900,000, sim=0.28)","Cam Coleman (Auburn, $1,500,000, sim=0.21)","Jalen Brown (Arkansas, $400,000, sim=0.21)",1150000.0
Alfonzo Allen Jr.,Florida,S,,517376.3684098522,comparative,466830.78125,"Jardin Gilbert (LSU, $600,000, sim=0.38)","Domani Jackson (Alabama, $500,000, sim=0.29)","DaShawn Jones (Alabama, $400,000, sim=0.27)",350000.0
Kahleil Jackson,Florida,WR,,708025.5391478145,comparative,241416.78125,"Cole Adams (Alabama, $350,000, sim=0.19)","Jalen Brown (Arkansas, $400,000, sim=0.17)","Barion Brown (LSU, $900,000, sim=0.17)",1150000.0
Devin Moore,Florida,S,,508721.8405582204,comparative,813113.5625,"DaShawn Jones (Alabama, $400,000, sim=0.28)","Domani Jackson (Alabama, $500,000, sim=0.27)","Keon Sabb (Alabama, $700,000, sim=0.27)",400000.0
Alex Gonzalez,Florida,WR,,696140.0885694695,comparative,90488.2890625,"Cole Adams (Alabama, $350,000, sim=0.22)","Jalen Brown (Arkansas, $400,000, sim=0.19)","Barion Brown (LSU, $900,000, sim=0.17)",1150000.0
Jordan Castell,Florida,S,,518495.89425929746,comparative,298678.75,"Jardin Gilbert (LSU, $600,000, sim=0.26)","Domani Jackson (Alabama, $500,000, sim=0.25)","Keon Sabb (Alabama, $700,000, sim=0.22)",350000.0
Aaron Gates,Florida,S,,504719.96661328163,comparative,225939.890625,"Jardin Gilbert (LSU, $600,000, sim=0.26)","Cam Calhoun (Alabama, $350,000, sim=0.25)","DaShawn Jones (Alabama, $400,000, sim=0.21)",350000.0
Sharif Denson,Florida,S,,513251.60783151945,comparative,387781.28125,"Domani Jackson (Alabama, $500,000, sim=0.26)","Keon Sabb (Alabama, $700,000, sim=0.25)","Jardin Gilbert (LSU, $600,000, sim=0.23)",400000.0
Grayson Howard,Florida,MLB,,738881.984774145,comparative,123539.3671875,"Nikhai Hill-Green (Alabama, $400,000, sim=0.16)","Xavian Sorey Jr. (Arkansas, $500,000, sim=0.14)","Harold Perkins Jr. (LSU, $1,600,000, sim=0.14)",1250000.0
Cormani McClain,Florida,S,,507296.2809032515,comparative,207968.90625,"Jardin Gilbert (LSU, $600,000, sim=0.26)","Cam Calhoun (Alabama, $350,000, sim=0.24)","DaShawn Jones (Alabama, $400,000, sim=0.23)",350000.0
Jaden Robinson,Florida,MLB,,763294.3473978745,comparative,76355.2421875,"Xavian Sorey Jr. (Arkansas, $500,000, sim=0.24)","Harold Perkins Jr. (LSU, $1,600,000, sim=0.23)","Nikhai Hill-Green (Alabama, $400,000, sim=0.22)",1250000.0
Bryce Thornton,Florida,S,,548323.2613659461,comparative,14113450.0,"KJ Bolden (Georgia, $900,000, sim=0.17)","Keon Sabb (Alabama, $700,000, sim=0.15)","Zabien Brown (Alabama, $300,000, sim=0.15)",600000.0
Cahron Rackley,Florida,S,,516388.48124601744,comparative,1162274.125,"Jardin Gilbert (LSU, $600,000, sim=0.42)","DaShawn Jones (Alabama, $400,000, sim=0.26)","Domani Jackson (Alabama, $500,000, sim=0.23)",350000.0
Hayden Hansen,Florida,TE,,473652.9673563109,comparative,45758.6171875,"Lawson Luckie (Georgia, $500,000, sim=0.24)","Danny Lewis Jr. (Alabama, $400,000, sim=0.24)","Brody Dalton (Alabama, $300,000, sim=0.23)",400000.0
Taylor Spierto,Florida,WR,,698669.0807463154,comparative,320138.6875,"Cole Adams (Alabama, $350,000, sim=0.23)","Jalen Brown (Arkansas, $400,000, sim=0.20)","Barion Brown (LSU, $900,000, sim=0.19)",1150000.0
Caleb Rillos,Florida,TE,,449497.2711421311,comparative,74258.6796875,"Brody Dalton (Alabama, $300,000, sim=0.28)","Danny Lewis Jr. (Alabama, $400,000, sim=0.26)","Lawson Luckie (Georgia, $500,000, sim=0.18)",400000.0
Dijon Johnson,Florida,S,,510462.70784218295,comparative,365892.875,"Jardin Gilbert (LSU, $600,000, sim=0.34)","DaShawn Jones (Alabama, $400,000, sim=0.27)","Domani Jackson (Alabama, $500,000, sim=0.24)",350000.0
Aidan Mizell,Florida,WR,,697751.090993342,comparative,79312.765625,"Cole Adams (Alabama, $350,000, sim=0.29)","Jalen Brown (Arkansas, $400,000, sim=0.27)","Barion Brown (LSU, $900,000, sim=0.21)",1150000.0
Eugene Wilson III,Florida,WR,,740720.505054352,comparative,106682.5703125,"Jalen Brown (Arkansas, $400,000, sim=0.27)","Cole Adams (Alabama, $350,000, sim=0.25)","Cam Coleman (Auburn, $1,500,000, sim=0.24)",1150000.0
TJ Abrams,Florida,WR,,696356.0331496694,comparative,251233.28125,"Jalen Brown (Arkansas, $400,000, sim=0.26)","Cole Adams (Alabama, $350,000, sim=0.26)","Cam Coleman (Auburn, $1,500,000, sim=0.18)",1150000.0
Aaron Chiles,Florida,MLB,,757734.5858605922,comparative,44730.796875,"Nikhai Hill-Green (Alabama, $400,000, sim=0.21)","Harold Perkins Jr. (LSU, $1,600,000, sim=0.19)","Deontae Lawson (Alabama, $800,000, sim=0.17)",1250000.0
Myles Graham,Florida,MLB,,776831.8027676723,comparative,169089.109375,"Harold Perkins Jr. (LSU, $1,600,000, sim=0.22)","Xavian Sorey Jr. (Arkansas, $500,000, sim=0.20)","Nikhai Hill-Green (Alabama, $400,000, sim=0.16)",1250000.0
DJ Lagway,Florida,QB,2200000.0,2200000.0,actual,183588.171875,,,,0.0
Harold Stubbs IV,Florida,S,,510171.87390750815,comparative,485825.09375,"Jardin Gilbert (LSU, $600,000, sim=0.35)","DaShawn Jones (Alabama, $400,000, sim=0.24)","Cam Calhoun (Alabama, $350,000, sim=0.23)",350000.0
Javion Toombs,Florida,S,,510362.61301802273,comparative,468189.3125,"Jardin Gilbert (LSU, $600,000, sim=0.35)","DaShawn Jones (Alabama, $400,000, sim=0.24)","Cam Calhoun (Alabama, $350,000, sim=0.23)",350000.0
Scott Isacks,Florida,TE,,450805.4377159588,comparative,36632.74609375,"Danny Lewis Jr. (Alabama, $400,000, sim=0.28)","Brody Dalton (Alabama, $300,000, sim=0.26)","Lawson Luckie (Georgia, $500,000, sim=0.19)",400000.0
Micheal Caraway Jr.,Florida,S,,514701.79693733546,comparative,863422.125,"Jardin Gilbert (LSU, $600,000, sim=0.40)","DaShawn Jones (Alabama, $400,000, sim=0.29)","Domani Jackson (Alabama, $500,000, sim=0.25)",350000.0
Tony Livingston,Florida,TE,,470129.44088703,comparative,94498.0078125,"Danny Lewis Jr. (Alabama, $400,000, sim=0.26)","Lawson Luckie (Georgia, $500,000, sim=0.25)","Brody Dalton (Alabama, $300,000, sim=0.24)",400000.0
Jamroc Grimsley,Florida,S,,500823.5462972008,comparative,205265.078125,"Cam Calhoun (Alabama, $350,000, sim=0.24)","Jardin Gilbert (LSU, $600,000, sim=0.20)","DaShawn Jones (Alabama, $400,000, sim=0.18)",350000.0
Josiah Davis,Florida,S,,500595.5657456827,comparative,211543.125,"Cam Calhoun (Alabama, $350,000, sim=0.23)","Jardin Gilbert (LSU, $600,000, sim=0.20)","DaShawn Jones (Alabama, $400,000, sim=0.18)",350000.0
Amir Jackson,Florida,TE,,464348.3315018825,comparative,55468.66796875,"Danny Lewis Jr. (Alabama, $400,000, sim=0.23)","Lawson Luckie (Georgia, $500,000, sim=0.19)","Brody Dalton (Alabama, $300,000, sim=0.19)",400000.0
Onis Konanbanny,Florida,S,,500595.5657456827,comparative,211543.125,"Cam Calhoun (Alabama, $350,000, sim=0.23)","Jardin Gilbert (LSU, $600,000, sim=0.20)","DaShawn Jones (Alabama, $400,000, sim=0.18)",350000.0
Naeshaun Montgomery,Florida,WR,,674855.7444836772,comparative,86974.15625,"Cole Adams (Alabama, $350,000, sim=0.26)","Jalen Brown (Arkansas, $400,000, sim=0.23)","Barion Brown (LSU, $900,000, sim=0.15)",1150000.0
Dallas Wilson,Florida,WR,,709617.1420023554,comparative,221267.828125,"Jalen Brown (Arkansas, $400,000, sim=0.27)","Cole Adams (Alabama, $350,000, sim=0.24)","Cam Coleman (Auburn, $1,500,000, sim=0.20)",1150000.0
Teddy Foster,Florida,S,,500853.43805739586,comparative,202024.140625,"Cam Calhoun (Alabama, $350,000, sim=0.23)","Jardin Gilbert (LSU, $600,000, sim=0.20)","DaShawn Jones (Alabama, $400,000, sim=0.18)",350000.0
Myles Johnson,Florida,MLB,,745142.5934594657,comparative,44208.390625,"Nikhai Hill-Green (Alabama, $400,000, sim=0.14)","Harold Perkins Jr. (LSU, $1,600,000, sim=0.13)","Xavian Sorey Jr. (Arkansas, $500,000, sim=0.13)",1250000.0
Jackson Wade,Florida,WR,,667655.4383676304,comparative,98942.390625,"Cole Adams (Alabama, $350,000, sim=0.29)","Jalen Brown (Arkansas, $400,000, sim=0.24)","Barion Brown (LSU, $900,000, sim=0.17)",1150000.0
Aidan Warner,Florida,QB,,1350894.7765679315,comparative,943046.75,"Sam Horn (Missouri, $900,000, sim=0.23)","Keelon Russell (Alabama, $800,000, sim=0.21)","Jackson Arnold (Auburn, $500,000, sim=0.17)",2400000.0
Brayden Slade,Florida,S,,503600.21951860003,comparative,265211.3125,"Jardin Gilbert (LSU, $600,000, sim=0.26)","Cam Calhoun (Alabama, $350,000, sim=0.24)","DaShawn Jones (Alabama, $400,000, sim=0.21)",350000.0
J'Vari Flowers,Florida,S,,513794.0272825216,comparative,264521.75,"Zabien Brown (Alabama, $300,000, sim=0.23)","Cam Calhoun (Alabama, $350,000, sim=0.20)","Keon Sabb (Alabama, $700,000, sim=0.20)",600000.0
Ty Jackson,Florida,MLB,,745390.013299698,comparative,57148.6875,"Nikhai Hill-Green (Alabama, $400,000, sim=0.13)","Harold Perkins Jr. (LSU, $1,600,000, sim=0.13)","Xavian Sorey Jr. (Arkansas, $500,000, sim=0.12)",1250000.0
Jaden Edgecombe,Florida,WR,,689016.0783401103,comparative,52113.046875,"Cole Adams (Alabama, $350,000, sim=0.23)","Jalen Brown (Arkansas, $400,000, sim=0.20)","Barion Brown (LSU, $900,000, sim=0.16)",1150000.0
Lagonza Hayward,Florida,S,,507155.97438417963,comparative,202005.265625,"Cam Calhoun (Alabama, $350,000, sim=0.21)","Jardin Gilbert (LSU, $600,000, sim=0.20)","Keon Sabb (Alabama, $700,000, sim=0.18)",350000.0
Micah Jones,Florida,TE,,459859.2809738572,comparative,29394.703125,"Danny Lewis Jr. (Alabama, $400,000, sim=0.22)","Brody Dalton (Alabama, $300,000, sim=0.18)","Lawson Luckie (Georgia, $500,000, sim=0.17)",400000.0
Mike Peterson Jr.,Florida,WR,,690480.8405429057,comparative,43657.88671875,"Cole Adams (Alabama, $350,000, sim=0.22)","Jalen Brown (Arkansas, $400,000, sim=0.19)","Barion Brown (LSU, $900,000, sim=0.14)",1150000.0
Muizz Tounkara,Florida,WR,,678973.4872651041,comparative,67081.9140625,"Cole Adams (Alabama, $350,000, sim=0.25)","Jalen Brown (Arkansas, $400,000, sim=0.22)","Barion Brown (LSU, $900,000, sim=0.15)",1150000.0
Tank Hawkins,Florida,WR,,670168.6916592569,comparative,84284.546875,"Cole Adams (Alabama, $350,000, sim=0.28)","Jalen Brown (Arkansas, $400,000, sim=0.24)","Barion Brown (LSU, $900,000, sim=0.17)",1150000.0
DeBraun Hampton,Florida,WR,,690480.8405429057,comparative,43657.88671875,"Cole Adams (Alabama, $350,000, sim=0.22)","Jalen Brown (Arkansas, $400,000, sim=0.19)","Barion Brown (LSU, $900,000, sim=0.14)",1150000.0
Matthew Kade,Florida,MLB,,745378.7401685352,comparative,58658.4296875,"Nikhai Hill-Green (Alabama, $400,000, sim=0.13)","Harold Perkins Jr. (LSU, $1,600,000, sim=0.13)","Xavian Sorey Jr. (Arkansas, $500,000, sim=0.12)",1250000.0
Jake Xeller,Florida,MLB,,745378.7401685352,comparative,58658.4296875,"Nikhai Hill-Green (Alabama, $400,000, sim=0.13)","Harold Perkins Jr. (LSU, $1,600,000, sim=0.13)","Xavian Sorey Jr. (Arkansas, $500,000, sim=0.12)",1250000.0
Aaron Williams,Florida,QB,,1339208.050769982,comparative,685407.875,"Keelon Russell (Alabama, $800,000, sim=0.22)","Sam Horn (Missouri, $900,000, sim=0.20)","Jackson Arnold (Auburn, $500,000, sim=0.15)",2400000.0
Cameron Kossmann,Florida,TE,,459859.2809738572,comparative,29394.703125,"Danny Lewis Jr. (Alabama, $400,000, sim=0.22)","Brody Dalton (Alabama, $300,000, sim=0.18)","Lawson Luckie (Georgia, $500,000, sim=0.17)",400000.0
Vernell Brown III,Florida,WR,,780212.7067628645,comparative,421372.09375,"Cam Coleman (Auburn, $1,500,000, sim=0.23)","Jalen Brown (Arkansas, $400,000, sim=0.21)","Barion Brown (LSU, $900,000, sim=0.19)",1150000.0
Drake Stubbs,Florida,S,,500922.39095489203,comparative,200101.859375,"Cam Calhoun (Alabama, $350,000, sim=0.23)","Jardin Gilbert (LSU, $600,000, sim=0.20)","DaShawn Jones (Alabama, $400,000, sim=0.18)",350000.0
Ben Hanks III,Florida,S,,465084.811100382,comparative,199966.984375,"Cam Calhoun (Alabama, $350,000, sim=0.23)","Jardin Gilbert (LSU, $600,000, sim=0.19)","Zabien Brown (Alabama, $300,000, sim=0.19)",400000.0
Tramell Jones Jr.,Florida,QB,,1331467.2548885907,comparative,503278.75,"Keelon Russell (Alabama, $800,000, sim=0.29)","Sam Horn (Missouri, $900,000, sim=0.18)","Jackson Arnold (Auburn, $500,000, sim=0.17)",2400000.0
Evan Jackson,Florida,S,,500595.5657456827,comparative,211543.125,"Cam Calhoun (Alabama, $350,000, sim=0.23)","Jardin Gilbert (LSU, $600,000, sim=0.20)","DaShawn Jones (Alabama, $400,000, sim=0.18)",350000.0
Vincent Brown Jr.,Florida,S,,503524.74835322006,comparative,269047.875,"Jardin Gilbert (LSU, $600,000, sim=0.26)","Cam Calhoun (Alabama, $350,000, sim=0.24)","DaShawn Jones (Alabama, $400,000, sim=0.21)",350000.0
Winfield Scott,Florida,S,,500595.5657456827,comparative,211543.125,"Cam Calhoun (Alabama, $350,000, sim=0.23)","Jardin Gilbert (LSU, $600,000, sim=0.20)","DaShawn Jones (Alabama, $400,000, sim=0.18)",350000.0
Cary Rifenberick,Florida,WR,,690480.8405429057,comparative,43657.88671875,"Cole Adams (Alabama, $350,000, sim=0.22)","Jalen Brown (Arkansas, $400,000, sim=0.19)","Barion Brown (LSU, $900,000, sim=0.14)",1150000.0
Zion Branch,Georgia,S,,509665.45651454665,comparative,221658.140625,"DaShawn Jones (Alabama, $400,000, sim=0.39)","Domani Jackson (Alabama, $500,000, sim=0.37)","Keon Sabb (Alabama, $700,000, sim=0.33)",350000.0
Daylen Everette,Georgia,S,,568631.100663728,comparative,6420960.5,"KJ Bolden (Georgia, $900,000, sim=0.21)","Zabien Brown (Alabama, $300,000, sim=0.21)","Keon Sabb (Alabama, $700,000, sim=0.18)",600000.0
Gunner Stockton,Georgia,QB,1500000.0,1500000.0,actual,2770214.0,,,,0.0
Kavon Townsend,Georgia,WR,,701359.163779497,comparative,292797.3125,"Cole Adams (Alabama, $350,000, sim=0.21)","Barion Brown (LSU, $900,000, sim=0.17)","Jalen Brown (Arkansas, $400,000, sim=0.14)",1150000.0
Oscar Delp,Georgia,TE,700000.0,700000.0,actual,533903.875,,,,0.0
JaCorey Thomas,Georgia,S,,513165.78170189256,comparative,282900.375,"Domani Jackson (Alabama, $500,000, sim=0.46)","DaShawn Jones (Alabama, $400,000, sim=0.31)","Jardin Gilbert (LSU, $600,000, sim=0.27)",350000.0
Dillon Bell,Georgia,WR,,738631.1889651951,comparative,97526.8359375,"Barion Brown (LSU, $900,000, sim=0.26)","Cole Adams (Alabama, $350,000, sim=0.23)","Isaiah Horton (Alabama, $600,000, sim=0.21)",1150000.0
Noah Thomas,Georgia,WR,,735938.8530616971,comparative,879523.4375,"Isaiah Horton (Alabama, $600,000, sim=0.22)","Barion Brown (LSU, $900,000, sim=0.21)","Cole Adams (Alabama, $350,000, sim=0.21)",1150000.0
Miles Thornton,Georgia,WR,,686337.6421648466,comparative,111793.671875,"Cole Adams (Alabama, $350,000, sim=0.25)","Barion Brown (LSU, $900,000, sim=0.16)","Jalen Brown (Arkansas, $400,000, sim=0.15)",1150000.0
Patrick Hester,Georgia,TE,,444626.8093115,comparative,75197.9765625,"Danny Lewis Jr. (Alabama, $400,000, sim=0.39)","Brody Dalton (Alabama, $300,000, sim=0.35)","Lawson Luckie (Georgia, $500,000, sim=0.24)",400000.0
Joenel Aguero,Georgia,S,,517003.1821366149,comparative,227505.96875,"Domani Jackson (Alabama, $500,000, sim=0.37)","Keon Sabb (Alabama, $700,000, sim=0.36)","DaShawn Jones (Alabama, $400,000, sim=0.35)",350000.0
CJ Allen,Georgia,MLB,,758157.2886848692,comparative,351469.5625,"Deontae Lawson (Alabama, $800,000, sim=0.25)","Nikhai Hill-Green (Alabama, $400,000, sim=0.23)","Harold Perkins Jr. (LSU, $1,600,000, sim=0.21)",1250000.0
Zachariah Branch,Georgia,WR,,1216090.0395666908,comparative,2605206.0,"Isaiah Horton (Alabama, $600,000, sim=0.25)","Cam Coleman (Auburn, $1,500,000, sim=0.24)","Barion Brown (LSU, $900,000, sim=0.20)",2700000.0
Gabe Harris Jr.,Georgia,MLB,,753381.9390869959,comparative,24125.712890625,"Nikhai Hill-Green (Alabama, $400,000, sim=0.20)","Harold Perkins Jr. (LSU, $1,600,000, sim=0.18)","Xavian Sorey Jr. (Arkansas, $500,000, sim=0.14)",1250000.0
Daniel Harris,Georgia,S,,499866.51603744493,comparative,275882.46875,"DaShawn Jones (Alabama, $400,000, sim=0.32)","Jardin Gilbert (LSU, $600,000, sim=0.30)","Domani Jackson (Alabama, $500,000, sim=0.28)",350000.0
Lawson Luckie,Georgia,TE,500000.0,500000.0,actual,240687.578125,,,,0.0
Raylen Wilson,Georgia,MLB,,748706.5993172636,comparative,33191.30078125,"Nikhai Hill-Green (Alabama, $400,000, sim=0.24)","Harold Perkins Jr. (LSU, $1,600,000, sim=0.21)","Xavian Sorey Jr. (Arkansas, $500,000, sim=0.17)",1250000.0
Cole Speer,Georgia,WR,,701371.097943031,comparative,270486.78125,"Cole Adams (Alabama, $350,000, sim=0.21)","Barion Brown (LSU, $900,000, sim=0.17)","Jalen Brown (Arkansas, $400,000, sim=0.14)",1150000.0
Terrell Foster,Georgia,MLB,,734294.1168969634,comparative,85864.0234375,"Nikhai Hill-Green (Alabama, $400,000, sim=0.17)","Harold Perkins Jr. (LSU, $1,600,000, sim=0.14)","Deontae Lawson (Alabama, $800,000, sim=0.13)",1250000.0
Jaden Harris,Georgia,S,,499629.6837006359,comparative,287669.625,"DaShawn Jones (Alabama, $400,000, sim=0.31)","Jardin Gilbert (LSU, $600,000, sim=0.30)","Cam Calhoun (Alabama, $350,000, sim=0.28)",350000.0
London Humphreys,Georgia,WR,,709142.6672000173,comparative,375063.8125,"Cole Adams (Alabama, $350,000, sim=0.31)","Isaiah Horton (Alabama, $600,000, sim=0.24)","Barion Brown (LSU, $900,000, sim=0.22)",1150000.0
KJ Bolden,Georgia,S,900000.0,900000.0,actual,678580.0,,,,0.0
Kris Jones,Georgia,MLB,,741892.3068926564,comparative,39045.47265625,"Nikhai Hill-Green (Alabama, $400,000, sim=0.14)","Harold Perkins Jr. (LSU, $1,600,000, sim=0.13)","Deontae Lawson (Alabama, $800,000, sim=0.11)",1250000.0
Ryan Puglisi,Georgia,QB,,1266883.4606405115,comparative,366528.15625,"Keelon Russell (Alabama, $800,000, sim=0.43)","Sam Horn (Missouri, $900,000, sim=0.18)","Garrett Nussmeier (LSU, $2,900,000, sim=0.16)",2400000.0
Ellis Robinson IV,Georgia,S,,511515.33492420556,comparative,461944.59375,"Zabien Brown (Alabama, $300,000, sim=0.32)","KJ Bolden (Georgia, $900,000, sim=0.20)","Keon Sabb (Alabama, $700,000, sim=0.18)",600000.0
Justin Williams,Georgia,MLB,,737879.7735798493,comparative,11531.630859375,"Nikhai Hill-Green (Alabama, $400,000, sim=0.20)","Harold Perkins Jr. (LSU, $1,600,000, sim=0.16)","Deontae Lawson (Alabama, $800,000, sim=0.14)",1250000.0
Luke Bennett,Georgia,WR,,686337.6421648466,comparative,111793.671875,"Cole Adams (Alabama, $350,000, sim=0.25)","Barion Brown (LSU, $900,000, sim=0.16)","Jalen Brown (Arkansas, $400,000, sim=0.15)",1150000.0
Jacob Fleming,Georgia,S,,498821.30111595395,comparative,352870.75,"DaShawn Jones (Alabama, $400,000, sim=0.30)","Jardin Gilbert (LSU, $600,000, sim=0.30)","Cam Calhoun (Alabama, $350,000, sim=0.28)",350000.0
Denton Shamburger,Georgia,S,,498821.30111595395,comparative,352870.75,"DaShawn Jones (Alabama, $400,000, sim=0.30)","Jardin Gilbert (LSU, $600,000, sim=0.30)","Cam Calhoun (Alabama, $350,000, sim=0.28)",350000.0
Cooper Johnson,Georgia,TE,,444626.8093115,comparative,75197.9765625,"Danny Lewis Jr. (Alabama, $400,000, sim=0.39)","Brody Dalton (Alabama, $300,000, sim=0.35)","Lawson Luckie (Georgia, $500,000, sim=0.24)",400000.0
Ondre Evans,Georgia,S,,493631.86584589805,comparative,147950.28125,"Cam Calhoun (Alabama, $350,000, sim=0.28)","DaShawn Jones (Alabama, $400,000, sim=0.19)","Jardin Gilbert (LSU, $600,000, sim=0.19)",350000.0
Adrian Maddox,Georgia,S,,503386.92747214413,comparative,649694.625,"DaShawn Jones (Alabama, $400,000, sim=0.36)","Jardin Gilbert (LSU, $600,000, sim=0.34)","Domani Jackson (Alabama, $500,000, sim=0.30)",350000.0
Colbie Young,Georgia,WR,,743844.6584970395,comparative,598103.8125,"Barion Brown (LSU, $900,000, sim=0.28)","Cole Adams (Alabama, $350,000, sim=0.23)","Isaiah Horton (Alabama, $600,000, sim=0.20)",1150000.0
Kyron Jones,Georgia,S,,482529.54275827843,comparative,230481.875,"Cam Calhoun (Alabama, $350,000, sim=0.41)","Domani Jackson (Alabama, $500,000, sim=0.22)","DaShawn Jones (Alabama, $400,000, sim=0.22)",350000.0
Sacovie White-Helton,Georgia,WR,,655473.667943227,comparative,126186.7734375,"Cole Adams (Alabama, $350,000, sim=0.36)","Jalen Brown (Arkansas, $400,000, sim=0.17)","Barion Brown (LSU, $900,000, sim=0.15)",1150000.0
Demello Jones,Georgia,S,,508392.5727307114,comparative,322417.65625,"Zabien Brown (Alabama, $300,000, sim=0.42)","Keon Sabb (Alabama, $700,000, sim=0.26)","KJ Bolden (Georgia, $900,000, sim=0.24)",600000.0
Colton Heinrich,Georgia,TE,,459942.4129543388,comparative,53281.2734375,"Danny Lewis Jr. (Alabama, $400,000, sim=0.25)","Brody Dalton (Alabama, $300,000, sim=0.20)","Lawson Luckie (Georgia, $500,000, sim=0.20)",400000.0
Ethan Barbour,Georgia,TE,,459942.4129543388,comparative,53281.2734375,"Danny Lewis Jr. (Alabama, $400,000, sim=0.25)","Brody Dalton (Alabama, $300,000, sim=0.20)","Lawson Luckie (Georgia, $500,000, sim=0.20)",400000.0
Jontae Gilbert,Georgia,S,,493631.86584589805,comparative,147950.28125,"Cam Calhoun (Alabama, $350,000, sim=0.28)","DaShawn Jones (Alabama, $400,000, sim=0.19)","Jardin Gilbert (LSU, $600,000, sim=0.19)",350000.0
Ryan Montgomery,Georgia,QB,,1040865.9481707297,comparative,992226.5625,"Keelon Russell (Alabama, $800,000, sim=0.40)","Sam Horn (Missouri, $900,000, sim=0.16)","Garrett Nussmeier (LSU, $2,900,000, sim=0.15)",2500000.0
Talyn Taylor,Georgia,WR,,641501.1789124901,comparative,211739.109375,"Cole Adams (Alabama, $350,000, sim=0.39)","Jalen Brown (Arkansas, $400,000, sim=0.17)","Barion Brown (LSU, $900,000, sim=0.15)",1150000.0
Zayden Walker,Georgia,MLB,,746522.2614442774,comparative,18833.431640625,"Nikhai Hill-Green (Alabama, $400,000, sim=0.15)","Harold Perkins Jr. (LSU, $1,600,000, sim=0.14)","Deontae Lawson (Alabama, $800,000, sim=0.12)",1250000.0
CJ Wiley,Georgia,WR,,658848.8899547199,comparative,100269.6015625,"Cole Adams (Alabama, $350,000, sim=0.33)","Jalen Brown (Arkansas, $400,000, sim=0.16)","Barion Brown (LSU, $900,000, sim=0.15)",1150000.0
Elyiss Williams,Georgia,TE,,472434.7018326015,comparative,286551.40625,"Danny Lewis Jr. (Alabama, $400,000, sim=0.25)","Lawson Luckie (Georgia, $500,000, sim=0.24)","Oscar Delp (Georgia, $700,000, sim=0.19)",400000.0
Rasean Dinkins,Georgia,S,,497052.06275440275,comparative,106287.1171875,"Cam Calhoun (Alabama, $350,000, sim=0.27)","DaShawn Jones (Alabama, $400,000, sim=0.20)","Domani Jackson (Alabama, $500,000, sim=0.19)",350000.0
Chris Cole,Georgia,MLB,,745552.2354923754,comparative,27122.2890625,"Nikhai Hill-Green (Alabama, $400,000, sim=0.18)","Harold Perkins Jr. (LSU, $1,600,000, sim=0.18)","Yhonzae Pierre (Alabama, $350,000, sim=0.15)",1250000.0
Quintavius Johnson,Georgia,MLB,,750560.0694557694,comparative,26627.373046875,"Nikhai Hill-Green (Alabama, $400,000, sim=0.20)","Harold Perkins Jr. (LSU, $1,600,000, sim=0.18)","Deontae Lawson (Alabama, $800,000, sim=0.15)",1250000.0
Thomas Blackshear,Georgia,WR,,645643.1936985962,comparative,178117.484375,"Cole Adams (Alabama, $350,000, sim=0.37)","Jalen Brown (Arkansas, $400,000, sim=0.17)","Barion Brown (LSU, $900,000, sim=0.15)",1150000.0
Elo Modozie,Georgia,MLB,,733954.8486036233,comparative,78477.0,"Nikhai Hill-Green (Alabama, $400,000, sim=0.18)","Harold Perkins Jr. (LSU, $1,600,000, sim=0.14)","Deontae Lawson (Alabama, $800,000, sim=0.13)",1250000.0
David Lalaian,Georgia,TE,,453112.7018323166,comparative,54984.0625,"Danny Lewis Jr. (Alabama, $400,000, sim=0.33)","Brody Dalton (Alabama, $300,000, sim=0.26)","Lawson Luckie (Georgia, $500,000, sim=0.22)",400000.0
Jeremy Bell,Georgia,WR,,645550.388061871,comparative,171321.15625,"Cole Adams (Alabama, $350,000, sim=0.37)","Jalen Brown (Arkansas, $400,000, sim=0.16)","Barion Brown (LSU, $900,000, sim=0.15)",1150000.0
Walter Blanchard,Georgia,WR,,677338.5019623353,comparative,65737.125,"Cole Adams (Alabama, $350,000, sim=0.27)","Jalen Brown (Arkansas, $400,000, sim=0.15)","Barion Brown (LSU, $900,000, sim=0.15)",1150000.0
Marek Briley,Georgia,WR,,677338.5019623353,comparative,65737.125,"Cole Adams (Alabama, $350,000, sim=0.27)","Jalen Brown (Arkansas, $400,000, sim=0.15)","Barion Brown (LSU, $900,000, sim=0.15)",1150000.0
Ali Hall,Georgia,S,,503046.4286613553,comparative,829393.625,"DaShawn Jones (Alabama, $400,000, sim=0.34)","Jardin Gilbert (LSU, $600,000, sim=0.33)","Domani Jackson (Alabama, $500,000, sim=0.28)",350000.0
Will Taylor,Georgia,WR,,677338.5019623353,comparative,65737.125,"Cole Adams (Alabama, $350,000, sim=0.27)","Jalen Brown (Arkansas, $400,000, sim=0.15)","Barion Brown (LSU, $900,000, sim=0.15)",1150000.0
Darren Ikinnagbon,Georgia,MLB,,741965.3175847083,comparative,47454.90234375,"Nikhai Hill-Green (Alabama, $400,000, sim=0.14)","Harold Perkins Jr. (LSU, $1,600,000, sim=0.13)","Deontae Lawson (Alabama, $800,000, sim=0.11)",1250000.0
Dominick Kelly,Georgia,S,,440119.86775007605,comparative,190159.625,"Cam Calhoun (Alabama, $350,000, sim=0.26)","Zabien Brown (Alabama, $300,000, sim=0.22)","DaShawn Jones (Alabama, $400,000, sim=0.20)",400000.0
Todd Robinson,Georgia,S,,493631.86584589805,comparative,147950.28125,"Cam Calhoun (Alabama, $350,000, sim=0.28)","DaShawn Jones (Alabama, $400,000, sim=0.19)","Jardin Gilbert (LSU, $600,000, sim=0.19)",350000.0
AJ Kruah,Georgia,MLB,,742044.3295434027,comparative,51642.5390625,"Nikhai Hill-Green (Alabama, $400,000, sim=0.14)","Harold Perkins Jr. (LSU, $1,600,000, sim=0.13)","Deontae Lawson (Alabama, $800,000, sim=0.11)",1250000.0
Chase Linton,Georgia,MLB,,742050.340531365,comparative,50186.99609375,"Nikhai Hill-Green (Alabama, $400,000, sim=0.14)","Harold Perkins Jr. (LSU, $1,600,000, sim=0.13)","Deontae Lawson (Alabama, $800,000, sim=0.11)",1250000.0
Daniel Okonkwo,Georgia,S,,493631.86584589805,comparative,147950.28125,"Cam Calhoun (Alabama, $350,000, sim=0.28)","DaShawn Jones (Alabama, $400,000, sim=0.19)","Jardin Gilbert (LSU, $600,000, sim=0.19)",350000.0
Landon Roldan,Georgia,WR,,700504.1573402722,comparative,55755.54296875,"Cole Adams (Alabama, $350,000, sim=0.20)","Jalen Brown (Arkansas, $400,000, sim=0.14)","Barion Brown (LSU, $900,000, sim=0.13)",1150000.0
Colter Ginn,Georgia,QB,,1063563.304424317,comparative,614145.375,"Keelon Russell (Alabama, $800,000, sim=0.26)","Sam Horn (Missouri, $900,000, sim=0.19)","Jackson Arnold (Auburn, $500,000, sim=0.14)",2500000.0
Jaden Reddell,Georgia,TE,,462167.662987059,comparative,113419.546875,"Danny Lewis Jr. (Alabama, $400,000, sim=0.28)","Lawson Luckie (Georgia, $500,000, sim=0.22)","Brody Dalton (Alabama, $300,000, sim=0.21)",400000.0
Henry Waller,Georgia,S,,498821.30111595395,comparative,352870.75,"DaShawn Jones (Alabama, $400,000, sim=0.30)","Jardin Gilbert (LSU, $600,000, sim=0.30)","Cam Calhoun (Alabama, $350,000, sim=0.28)",350000.0
Danny Curran,Georgia,WR,,686337.6421648466,comparative,111793.671875,"Cole Adams (Alabama, $350,000, sim=0.25)","Barion Brown (LSU, $900,000, sim=0.16)","Jalen Brown (Arkansas, $400,000, sim=0.15)",1150000.0
Henry Delp,Georgia,TE,,459942.4129543388,comparative,53281.2734375,"Danny Lewis Jr. (Alabama, $400,000, sim=0.25)","Brody Dalton (Alabama, $300,000, sim=0.20)","Lawson Luckie (Georgia, $500,000, sim=0.20)",400000.0
Hezekiah Millender,Georgia,QB,,1063563.304424317,comparative,614145.375,"Keelon Russell (Alabama, $800,000, sim=0.26)","Sam Horn (Missouri, $900,000, sim=0.19)","Jackson Arnold (Auburn, $500,000, sim=0.14)",2500000.0
Jaylan Morgan,Georgia,S,,493631.86584589805,comparative,147950.28125,"Cam Calhoun (Alabama, $350,000, sim=0.28)","DaShawn Jones (Alabama, $400,000, sim=0.19)","Jardin Gilbert (LSU, $600,000, sim=0.19)",350000.0
Eli Barrow,Georgia,MLB,,739399.2482123809,comparative,62671.265625,"Nikhai Hill-Green (Alabama, $400,000, sim=0.16)","Harold Perkins Jr. (LSU, $1,600,000, sim=0.13)","Deontae Lawson (Alabama, $800,000, sim=0.12)",1250000.0
Tyler Williams,Georgia,WR,,659265.5739138494,comparative,99488.8203125,"Cole Adams (Alabama, $350,000, sim=0.32)","Jalen Brown (Arkansas, $400,000, sim=0.16)","Barion Brown (LSU, $900,000, sim=0.14)",1150000.0
Duncan Carpenter,Georgia,MLB,,742044.3295434027,comparative,51642.5390625,"Nikhai Hill-Green (Alabama, $400,000, sim=0.14)","Harold Perkins Jr. (LSU, $1,600,000, sim=0.13)","Deontae Lawson (Alabama, $800,000, sim=0.11)",1250000.0
Clayton Hood,Georgia,MLB,,742044.3295434027,comparative,51642.5390625,"Nikhai Hill-Green (Alabama, $400,000, sim=0.14)","Harold Perkins Jr. (LSU, $1,600,000, sim=0.13)","Deontae Lawson (Alabama, $800,000, sim=0.11)",1250000.0
Cole Jones,Georgia,MLB,,742044.3295434027,comparative,51642.5390625,"Nikhai Hill-Green (Alabama, $400,000, sim=0.14)","Harold Perkins Jr. (LSU, $1,600,000, sim=0.13)","Deontae Lawson (Alabama, $800,000, sim=0.11)",1250000.0
Benjamin McElreath,Georgia,WR,,680902.9241528369,comparative,55199.26953125,"Cole Adams (Alabama, $350,000, sim=0.25)","Jalen Brown (Arkansas, $400,000, sim=0.15)","Barion Brown (LSU, $900,000, sim=0.14)",1150000.0
Jackson St. Clair,Georgia,WR,,680902.9241528369,comparative,55199.26953125,"Cole Adams (Alabama, $350,000, sim=0.25)","Jalen Brown (Arkansas, $400,000, sim=0.15)","Barion Brown (LSU, $900,000, sim=0.14)",1150000.0
Zach Calzada,Kentucky,QB,,1429451.1058847872,comparative,1924177.75,"Sam Horn (Missouri, $900,000, sim=0.27)","Garrett Nussmeier (LSU, $2,900,000, sim=0.22)","Jackson Arnold (Auburn, $500,000, sim=0.20)",2400000.0
J.J. Hester,Kentucky,WR,,717730.5209961117,comparative,387508.84375,"Jalen Brown (Arkansas, $400,000, sim=0.24)","Barion Brown (LSU, $900,000, sim=0.20)","Cole Adams (Alabama, $350,000, sim=0.20)",1150000.0
Beau Allen,Kentucky,QB,,1202185.4861554434,comparative,4705902.5,"Sam Horn (Missouri, $900,000, sim=0.33)","Garrett Nussmeier (LSU, $2,900,000, sim=0.18)","Jackson Arnold (Auburn, $500,000, sim=0.16)",2400000.0
Ja'Mori Maclin,Kentucky,WR,,717043.3743539499,comparative,520567.53125,"Jalen Brown (Arkansas, $400,000, sim=0.25)","Barion Brown (LSU, $900,000, sim=0.23)","Cole Adams (Alabama, $350,000, sim=0.20)",1150000.0
Daveren Rayner,Kentucky,MLB,,711468.6211944608,comparative,169879.984375,"Xavian Sorey Jr. (Arkansas, $500,000, sim=0.35)","Nikhai Hill-Green (Alabama, $400,000, sim=0.21)","Harold Perkins Jr. (LSU, $1,600,000, sim=0.19)",1250000.0
Landyn Watson,Kentucky,MLB,,734821.2845984722,comparative,146355.359375,"Nikhai Hill-Green (Alabama, $400,000, sim=0.17)","Xavian Sorey Jr. (Arkansas, $500,000, sim=0.17)","Harold Perkins Jr. (LSU, $1,600,000, sim=0.15)",1250000.0
Troy Stellato,Kentucky,WR,,703194.7193965069,comparative,287175.15625,"Jalen Brown (Arkansas, $400,000, sim=0.20)","Cole Adams (Alabama, $350,000, sim=0.19)","Barion Brown (LSU, $900,000, sim=0.18)",1150000.0
Jantzen Dunn,Kentucky,S,,517687.27439952403,comparative,673926.25,"Jardin Gilbert (LSU, $600,000, sim=0.38)","DaShawn Jones (Alabama, $400,000, sim=0.24)","Domani Jackson (Alabama, $500,000, sim=0.23)",350000.0
Jordan Lovett,Kentucky,S,,518092.0970942099,comparative,386047.40625,"Jardin Gilbert (LSU, $600,000, sim=0.26)","Domani Jackson (Alabama, $500,000, sim=0.26)","DaShawn Jones (Alabama, $400,000, sim=0.22)",350000.0
Kendrick Law,Kentucky,WR,,832606.5328340563,comparative,499719.03125,"Barion Brown (LSU, $900,000, sim=0.30)","Cam Coleman (Auburn, $1,500,000, sim=0.23)","Isaiah Horton (Alabama, $600,000, sim=0.19)",1100000.0
Jonquis Hardaway,Kentucky,S,,558630.7383059734,comparative,1214494.125,"Keon Sabb (Alabama, $700,000, sim=0.22)","Zabien Brown (Alabama, $300,000, sim=0.20)","Domani Jackson (Alabama, $500,000, sim=0.19)",600000.0
Fred Farrier II,Kentucky,WR,,711026.87364604,comparative,325936.46875,"Jalen Brown (Arkansas, $400,000, sim=0.25)","Barion Brown (LSU, $900,000, sim=0.23)","Cole Adams (Alabama, $350,000, sim=0.21)",1150000.0
Elijah Brown,Kentucky,TE,,455557.549995724,comparative,41497.015625,"Danny Lewis Jr. (Alabama, $400,000, sim=0.25)","Brody Dalton (Alabama, $300,000, sim=0.24)","Lawson Luckie (Georgia, $500,000, sim=0.18)",400000.0
Josh Kattus,Kentucky,TE,,476012.90235599584,comparative,119459.328125,"Oscar Delp (Georgia, $700,000, sim=0.23)","Brody Dalton (Alabama, $300,000, sim=0.23)","Lawson Luckie (Georgia, $500,000, sim=0.22)",400000.0
Alex Afari Jr.,Kentucky,MLB,,768314.2221839088,comparative,279194.90625,"Xavian Sorey Jr. (Arkansas, $500,000, sim=0.27)","Harold Perkins Jr. (LSU, $1,600,000, sim=0.24)","Nikhai Hill-Green (Alabama, $400,000, sim=0.18)",1250000.0
Henry Boyer,Kentucky,TE,,465998.85270042834,comparative,75498.6328125,"Danny Lewis Jr. (Alabama, $400,000, sim=0.22)","Brody Dalton (Alabama, $300,000, sim=0.21)","Lawson Luckie (Georgia, $500,000, sim=0.19)",400000.0
Grant Godfrey,Kentucky,MLB,,746437.5653809861,comparative,16994.380859375,"Xavian Sorey Jr. (Arkansas, $500,000, sim=0.17)","Nikhai Hill-Green (Alabama, $400,000, sim=0.16)","Harold Perkins Jr. (LSU, $1,600,000, sim=0.16)",1250000.0
Kevis Thomas,Kentucky,S,,511847.7878840051,comparative,393630.375,"Jardin Gilbert (LSU, $600,000, sim=0.33)","DaShawn Jones (Alabama, $400,000, sim=0.23)","Cam Calhoun (Alabama, $350,000, sim=0.21)",350000.0
Nasir Addison,Kentucky,S,,513511.1497062886,comparative,271608.375,"Jardin Gilbert (LSU, $600,000, sim=0.33)","DaShawn Jones (Alabama, $400,000, sim=0.23)","Domani Jackson (Alabama, $500,000, sim=0.23)",350000.0
Kam Olds,Kentucky,MLB,,734008.4742928632,comparative,169945.28125,"Nikhai Hill-Green (Alabama, $400,000, sim=0.17)","Xavian Sorey Jr. (Arkansas, $500,000, sim=0.17)","Harold Perkins Jr. (LSU, $1,600,000, sim=0.14)",1250000.0
Ty Bryant,Kentucky,S,,614752.3627022322,comparative,321074.59375,"Domani Jackson (Alabama, $500,000, sim=0.22)","Keon Sabb (Alabama, $700,000, sim=0.21)","Jardin Gilbert (LSU, $600,000, sim=0.19)",500000.0
Terhyon Nichols,Kentucky,S,,469006.35378030286,comparative,269716.34375,"Zabien Brown (Alabama, $300,000, sim=0.22)","Keon Sabb (Alabama, $700,000, sim=0.21)","DaShawn Jones (Alabama, $400,000, sim=0.20)",400000.0
Jacob Smith,Kentucky,MLB,,744973.73009374,comparative,58739.66015625,"Nikhai Hill-Green (Alabama, $400,000, sim=0.13)","Harold Perkins Jr. (LSU, $1,600,000, sim=0.13)","Xavian Sorey Jr. (Arkansas, $500,000, sim=0.13)",1250000.0
Steven Soles Jr.,Kentucky,MLB,,770429.0880766498,comparative,31549.58203125,"Harold Perkins Jr. (LSU, $1,600,000, sim=0.19)","Xavian Sorey Jr. (Arkansas, $500,000, sim=0.18)","Nikhai Hill-Green (Alabama, $400,000, sim=0.16)",1250000.0
David Washington Jr.,Kentucky,WR,,688768.2637865547,comparative,77458.921875,"Jalen Brown (Arkansas, $400,000, sim=0.21)","Cole Adams (Alabama, $350,000, sim=0.21)","Barion Brown (LSU, $900,000, sim=0.15)",1150000.0
Jackson Schulz,Kentucky,S,,516640.4178633943,comparative,934271.375,"Jardin Gilbert (LSU, $600,000, sim=0.38)","DaShawn Jones (Alabama, $400,000, sim=0.24)","Domani Jackson (Alabama, $500,000, sim=0.22)",350000.0
Cole Lanter,Kentucky,WR,,707314.3868006908,comparative,293665.875,"Jalen Brown (Arkansas, $400,000, sim=0.18)","Cole Adams (Alabama, $350,000, sim=0.18)","Barion Brown (LSU, $900,000, sim=0.17)",1150000.0
Jack Monday,Kentucky,TE,,454906.1863221786,comparative,76708.3515625,"Brody Dalton (Alabama, $300,000, sim=0.25)","Danny Lewis Jr. (Alabama, $400,000, sim=0.23)","Lawson Luckie (Georgia, $500,000, sim=0.18)",400000.0
DJ Waller Jr.,Kentucky,S,,511296.28263423115,comparative,448578.25,"Jardin Gilbert (LSU, $600,000, sim=0.32)","DaShawn Jones (Alabama, $400,000, sim=0.22)","Cam Calhoun (Alabama, $350,000, sim=0.21)",350000.0
Sam Greene,Kentucky,MLB,,765603.6031066289,comparative,25412.138671875,"Harold Perkins Jr. (LSU, $1,600,000, sim=0.19)","Xavian Sorey Jr. (Arkansas, $500,000, sim=0.18)","Nikhai Hill-Green (Alabama, $400,000, sim=0.17)",1250000.0
Willie Rodriguez,Kentucky,TE,,479003.4101619762,comparative,105348.8046875,"Lawson Luckie (Georgia, $500,000, sim=0.20)","Danny Lewis Jr. (Alabama, $400,000, sim=0.19)","Oscar Delp (Georgia, $700,000, sim=0.19)",400000.0
Cutter Boley,Kentucky,QB,,1496410.452483465,comparative,270250.34375,"DJ Lagway (Florida, $2,200,000, sim=0.22)","LaNorris Sellers (South Carolina, $1,000,000, sim=0.18)","Garrett Nussmeier (LSU, $2,900,000, sim=0.18)",2400000.0
Martels Carter Jr.,Kentucky,S,,503186.3734040144,comparative,172310.515625,"Cam Calhoun (Alabama, $350,000, sim=0.21)","Jardin Gilbert (LSU, $600,000, sim=0.20)","DaShawn Jones (Alabama, $400,000, sim=0.17)",350000.0
Hardley Gilmore IV,Kentucky,WR,,724195.937612622,comparative,203548.453125,"Jalen Brown (Arkansas, $400,000, sim=0.34)","Cole Adams (Alabama, $350,000, sim=0.23)","Barion Brown (LSU, $900,000, sim=0.23)",1150000.0
Cameron Miller,Kentucky,WR,,682838.6967091518,comparative,101419.9296875,"Jalen Brown (Arkansas, $400,000, sim=0.28)","Cole Adams (Alabama, $350,000, sim=0.24)","Cam Coleman (Auburn, $1,500,000, sim=0.17)",1150000.0
Stone Saunders,Kentucky,QB,,1148240.7024671154,comparative,914545.75,"Sam Horn (Missouri, $900,000, sim=0.25)","Keelon Russell (Alabama, $800,000, sim=0.21)","Jackson Arnold (Auburn, $500,000, sim=0.15)",2400000.0
Antwan Smith,Kentucky,MLB,,741419.0243200797,comparative,53275.27734375,"Nikhai Hill-Green (Alabama, $400,000, sim=0.15)","Xavian Sorey Jr. (Arkansas, $500,000, sim=0.14)","Harold Perkins Jr. (LSU, $1,600,000, sim=0.14)",1250000.0
Jaden Smith,Kentucky,S,,504410.7695861141,comparative,160245.640625,"Cam Calhoun (Alabama, $350,000, sim=0.21)","Jardin Gilbert (LSU, $600,000, sim=0.20)","DaShawn Jones (Alabama, $400,000, sim=0.17)",350000.0
Devin Smith,Kentucky,MLB,,744968.0706287321,comparative,60202.9453125,"Nikhai Hill-Green (Alabama, $400,000, sim=0.13)","Harold Perkins Jr. (LSU, $1,600,000, sim=0.13)","Xavian Sorey Jr. (Arkansas, $500,000, sim=0.13)",1250000.0
Quintin Simmons Jr.,Kentucky,WR,,690166.8500342733,comparative,69269.9921875,"Jalen Brown (Arkansas, $400,000, sim=0.21)","Cole Adams (Alabama, $350,000, sim=0.20)","Barion Brown (LSU, $900,000, sim=0.14)",1150000.0
Cam Dooley,Kentucky,S,,503095.9175315141,comparative,272591.875,"Cam Calhoun (Alabama, $350,000, sim=0.24)","Jardin Gilbert (LSU, $600,000, sim=0.21)","Domani Jackson (Alabama, $500,000, sim=0.19)",350000.0
Quay'sheed Scott,Kentucky,S,,505674.9143874275,comparative,158565.96875,"Keon Sabb (Alabama, $700,000, sim=0.23)","Domani Jackson (Alabama, $500,000, sim=0.21)","Jardin Gilbert (LSU, $600,000, sim=0.21)",400000.0
Devon Gusta,Kentucky,S,,511210.3547954892,comparative,458180.125,"Jardin Gilbert (LSU, $600,000, sim=0.32)","DaShawn Jones (Alabama, $400,000, sim=0.22)","Cam Calhoun (Alabama, $350,000, sim=0.21)",350000.0
Grant Grayton,Kentucky,S,,465103.6140328372,comparative,160493.71875,"Cam Calhoun (Alabama, $350,000, sim=0.20)","Zabien Brown (Alabama, $300,000, sim=0.20)","Keon Sabb (Alabama, $700,000, sim=0.19)",400000.0
Ashton Cozart,Kentucky,WR,,688768.2637865547,comparative,77458.921875,"Jalen Brown (Arkansas, $400,000, sim=0.21)","Cole Adams (Alabama, $350,000, sim=0.21)","Barion Brown (LSU, $900,000, sim=0.15)",1150000.0
Spencer Leadbetter,Kentucky,WR,,695668.5089435291,comparative,119742.65625,"Jalen Brown (Arkansas, $400,000, sim=0.21)","Cole Adams (Alabama, $350,000, sim=0.20)","Barion Brown (LSU, $900,000, sim=0.16)",1150000.0
Hayden Dawahare,Kentucky,MLB,,738917.7396669115,comparative,153026.15625,"Nikhai Hill-Green (Alabama, $400,000, sim=0.15)","Xavian Sorey Jr. (Arkansas, $500,000, sim=0.15)","Harold Perkins Jr. (LSU, $1,600,000, sim=0.14)",1250000.0
Brennen Ward,Kentucky,QB,,1320326.4861134721,comparative,818070.5625,"Keelon Russell (Alabama, $800,000, sim=0.25)","Sam Horn (Missouri, $900,000, sim=0.23)","Jackson Arnold (Auburn, $500,000, sim=0.16)",2400000.0
Montavin Quisenberry,Kentucky,WR,,682524.8451340556,comparative,78561.09375,"Jalen Brown (Arkansas, $400,000, sim=0.23)","Cole Adams (Alabama, $350,000, sim=0.22)","Barion Brown (LSU, $900,000, sim=0.14)",1150000.0
Quintavion Norman,Kentucky,MLB,,744906.4903594996,comparative,55868.06640625,"Nikhai Hill-Green (Alabama, $400,000, sim=0.13)","Harold Perkins Jr. (LSU, $1,600,000, sim=0.13)","Xavian Sorey Jr. (Arkansas, $500,000, sim=0.13)",1250000.0
Demarcus Gardner,Kentucky,S,,502925.7117254251,comparative,181256.796875,"Cam Calhoun (Alabama, $350,000, sim=0.21)","Jardin Gilbert (LSU, $600,000, sim=0.20)","DaShawn Jones (Alabama, $400,000, sim=0.17)",350000.0
Preston Bowman,Kentucky,WR,,690166.8500342733,comparative,69269.9921875,"Jalen Brown (Arkansas, $400,000, sim=0.21)","Cole Adams (Alabama, $350,000, sim=0.20)","Barion Brown (LSU, $900,000, sim=0.14)",1150000.0
Mikkel Skinner,Kentucky,TE,,461976.7856925687,comparative,28185.064453125,"Danny Lewis Jr. (Alabama, $400,000, sim=0.20)","Brody Dalton (Alabama, $300,000, sim=0.17)","Lawson Luckie (Georgia, $500,000, sim=0.16)",400000.0
Dyllon Williams,Kentucky,S,,502561.4021511994,comparative,197392.421875,"Cam Calhoun (Alabama, $350,000, sim=0.21)","Jardin Gilbert (LSU, $600,000, sim=0.20)","DaShawn Jones (Alabama, $400,000, sim=0.17)",350000.0
Andrew Purcell,Kentucky,S,,502925.7117254251,comparative,181256.796875,"Cam Calhoun (Alabama, $350,000, sim=0.21)","Jardin Gilbert (LSU, $600,000, sim=0.20)","DaShawn Jones (Alabama, $400,000, sim=0.17)",350000.0
Rico Crowder,Kentucky,WR,,690166.8500342733,comparative,69269.9921875,"Jalen Brown (Arkansas, $400,000, sim=0.21)","Cole Adams (Alabama, $350,000, sim=0.20)","Barion Brown (LSU, $900,000, sim=0.14)",1150000.0
Justin Kattus,Kentucky,TE,,461976.7856925687,comparative,28185.064453125,"Danny Lewis Jr. (Alabama, $400,000, sim=0.20)","Brody Dalton (Alabama, $300,000, sim=0.17)","Lawson Luckie (Georgia, $500,000, sim=0.16)",400000.0
Andrew Weber,Kentucky,S,,505535.56750832236,comparative,248605.578125,"Jardin Gilbert (LSU, $600,000, sim=0.25)","Cam Calhoun (Alabama, $350,000, sim=0.22)","DaShawn Jones (Alabama, $400,000, sim=0.20)",350000.0
Rushaune Vilane,Kentucky,MLB,,742675.0870024741,comparative,77131.109375,"Nikhai Hill-Green (Alabama, $400,000, sim=0.14)","Xavian Sorey Jr. (Arkansas, $500,000, sim=0.14)","Harold Perkins Jr. (LSU, $1,600,000, sim=0.13)",1250000.0
DJ Miller,Kentucky,WR,,693956.1819415712,comparative,279539.9375,"Jalen Brown (Arkansas, $400,000, sim=0.33)","Cole Adams (Alabama, $350,000, sim=0.22)","Cam Coleman (Auburn, $1,500,000, sim=0.19)",1150000.0
Kris Thompson,Kentucky,MLB,,744968.0706287321,comparative,60202.9453125,"Nikhai Hill-Green (Alabama, $400,000, sim=0.13)","Harold Perkins Jr. (LSU, $1,600,000, sim=0.13)","Xavian Sorey Jr. (Arkansas, $500,000, sim=0.13)",1250000.0
Jr. Martels Carter,Kentucky,S,,502025.8400600301,comparative,218896.96875,"Cam Calhoun (Alabama, $350,000, sim=0.19)","Jardin Gilbert (LSU, $600,000, sim=0.16)","DaShawn Jones (Alabama, $400,000, sim=0.14)",350000.0
Aumad Edwards,Kentucky,WR,,690166.8500342733,comparative,69269.9921875,"Jalen Brown (Arkansas, $400,000, sim=0.21)","Cole Adams (Alabama, $350,000, sim=0.20)","Barion Brown (LSU, $900,000, sim=0.14)",1150000.0
Saxton Howard,Kentucky,WR,,690166.8500342733,comparative,69269.9921875,"Jalen Brown (Arkansas, $400,000, sim=0.21)","Cole Adams (Alabama, $350,000, sim=0.20)","Barion Brown (LSU, $900,000, sim=0.14)",1150000.0
Wyatt Phyle,Kentucky,MLB,,744968.0706287321,comparative,60202.9453125,"Nikhai Hill-Green (Alabama, $400,000, sim=0.13)","Harold Perkins Jr. (LSU, $1,600,000, sim=0.13)","Xavian Sorey Jr. (Arkansas, $500,000, sim=0.13)",1250000.0
Chris Hilton Jr.,LSU,WR,,711290.877801486,comparative,344899.0625,"Cole Adams (Alabama, $350,000, sim=0.24)","Barion Brown (LSU, $900,000, sim=0.24)","Jalen Brown (Arkansas, $400,000, sim=0.20)",1150000.0
Garrett Nussmeier,LSU,QB,2900000.0,2900000.0,actual,1300378.875,,,,0.0
West Weeks,LSU,MLB,,735505.7509520282,comparative,107379.21875,"Xavian Sorey Jr. (Arkansas, $500,000, sim=0.23)","Nikhai Hill-Green (Alabama, $400,000, sim=0.22)","Harold Perkins Jr. (LSU, $1,600,000, sim=0.20)",1250000.0
Jardin Gilbert,LSU,S,600000.0,600000.0,actual,495512.53125,,,,0.0
Harold Perkins Jr.,LSU,MLB,1600000.0,1600000.0,actual,628777.8125,,,,0.0
Aaron Anderson,LSU,WR,,758282.9648347595,comparative,249229.90625,"Barion Brown (LSU, $900,000, sim=0.34)","Cole Adams (Alabama, $350,000, sim=0.25)","Jalen Brown (Arkansas, $400,000, sim=0.22)",1150000.0
Barion Brown,LSU,WR,900000.0,900000.0,actual,440086.15625,,,,0.0
Nic Anderson,LSU,WR,,688220.6370989992,comparative,89672.078125,"Cole Adams (Alabama, $350,000, sim=0.32)","Jalen Brown (Arkansas, $400,000, sim=0.23)","Barion Brown (LSU, $900,000, sim=0.22)",1150000.0
Princeton Malbrue,LSU,MLB,,737960.8851616862,comparative,101105.96875,"Nikhai Hill-Green (Alabama, $400,000, sim=0.17)","Harold Perkins Jr. (LSU, $1,600,000, sim=0.14)","Xavian Sorey Jr. (Arkansas, $500,000, sim=0.14)",1250000.0
Austin Ausberry,LSU,S,,508430.7616650487,comparative,346798.84375,"Jardin Gilbert (LSU, $600,000, sim=0.40)","DaShawn Jones (Alabama, $400,000, sim=0.28)","Cam Calhoun (Alabama, $350,000, sim=0.26)",350000.0
Zavion Thomas,LSU,WR,,791660.5446883298,comparative,201305.234375,"Barion Brown (LSU, $900,000, sim=0.24)","Germie Bernard (Alabama, $500,000, sim=0.23)","Isaiah Horton (Alabama, $600,000, sim=0.21)",1100000.0
Whit Weeks,LSU,MLB,,809454.8760761764,comparative,140414.96875,"Harold Perkins Jr. (LSU, $1,600,000, sim=0.24)","Nikhai Hill-Green (Alabama, $400,000, sim=0.20)","Xavian Sorey Jr. (Arkansas, $500,000, sim=0.15)",1250000.0
Javien Toviano,LSU,S,,509867.88227759453,comparative,279711.6875,"Jardin Gilbert (LSU, $600,000, sim=0.41)","DaShawn Jones (Alabama, $400,000, sim=0.29)","Cam Calhoun (Alabama, $350,000, sim=0.26)",350000.0
Gabe Leonards,LSU,MLB,,734058.8071426856,comparative,336783.53125,"Nikhai Hill-Green (Alabama, $400,000, sim=0.17)","Xavian Sorey Jr. (Arkansas, $500,000, sim=0.14)","Harold Perkins Jr. (LSU, $1,600,000, sim=0.14)",1250000.0
Bauer Sharp,LSU,TE,,488676.8903714211,comparative,161018.03125,"Oscar Delp (Georgia, $700,000, sim=0.27)","Lawson Luckie (Georgia, $500,000, sim=0.24)","Brody Dalton (Alabama, $300,000, sim=0.21)",400000.0
Kyle Parker,LSU,WR,,771305.8322213835,comparative,195605.234375,"Cam Coleman (Auburn, $1,500,000, sim=0.28)","Isaiah Horton (Alabama, $600,000, sim=0.25)","Cole Adams (Alabama, $350,000, sim=0.25)",1150000.0
A.J. Haulcy,LSU,S,,567076.3579615369,comparative,1308911.625,"Keon Sabb (Alabama, $700,000, sim=0.24)","Domani Jackson (Alabama, $500,000, sim=0.22)","KJ Bolden (Georgia, $900,000, sim=0.20)",600000.0
Tamarcus Cooley,LSU,S,,570216.4652993253,comparative,205415.46875,"Keon Sabb (Alabama, $700,000, sim=0.28)","Domani Jackson (Alabama, $500,000, sim=0.23)","KJ Bolden (Georgia, $900,000, sim=0.22)",600000.0
Trey'Dez Green,LSU,TE,,483895.9270160166,comparative,333604.78125,"Lawson Luckie (Georgia, $500,000, sim=0.24)","Oscar Delp (Georgia, $700,000, sim=0.18)","Danny Lewis Jr. (Alabama, $400,000, sim=0.16)",400000.0
Ju'Juan Johnson,LSU,QB,,1168737.2258911165,comparative,352246.0625,"Keelon Russell (Alabama, $800,000, sim=0.26)","Jackson Arnold (Auburn, $500,000, sim=0.20)","Sam Horn (Missouri, $900,000, sim=0.17)",2400000.0
Davhon Keys,LSU,MLB,,767311.9737969353,comparative,39941.3671875,"Harold Perkins Jr. (LSU, $1,600,000, sim=0.20)","Nikhai Hill-Green (Alabama, $400,000, sim=0.18)","Xavian Sorey Jr. (Arkansas, $500,000, sim=0.18)",1250000.0
Michael Van Buren Jr.,LSU,QB,,1225851.823491517,comparative,272252.0625,"Keelon Russell (Alabama, $800,000, sim=0.24)","Jackson Arnold (Auburn, $500,000, sim=0.22)","Garrett Nussmeier (LSU, $2,900,000, sim=0.22)",2400000.0
Tylen Singleton,LSU,MLB,,744833.1557575299,comparative,21107.01171875,"Nikhai Hill-Green (Alabama, $400,000, sim=0.15)","Harold Perkins Jr. (LSU, $1,600,000, sim=0.14)","Xavian Sorey Jr. (Arkansas, $500,000, sim=0.13)",1250000.0
Jelani Watkins,LSU,WR,,657323.4839794434,comparative,106829.9921875,"Cole Adams (Alabama, $350,000, sim=0.33)","Jalen Brown (Arkansas, $400,000, sim=0.22)","Barion Brown (LSU, $900,000, sim=0.15)",1150000.0
GiVanni Peterson,LSU,TE,,442995.6613183119,comparative,71021.3359375,"Brody Dalton (Alabama, $300,000, sim=0.36)","Danny Lewis Jr. (Alabama, $400,000, sim=0.30)","Lawson Luckie (Georgia, $500,000, sim=0.20)",400000.0
Noah Nash,LSU,WR,,704202.553898908,comparative,240546.6875,"Cole Adams (Alabama, $350,000, sim=0.21)","Barion Brown (LSU, $900,000, sim=0.18)","Jalen Brown (Arkansas, $400,000, sim=0.17)",1150000.0
Donovan Green,LSU,TE,,465676.6895218625,comparative,273466.75,"Danny Lewis Jr. (Alabama, $400,000, sim=0.30)","Brody Dalton (Alabama, $300,000, sim=0.27)","Oscar Delp (Georgia, $700,000, sim=0.24)",400000.0
Cowinn Helaire,LSU,WR,,690142.4155589688,comparative,87949.1328125,"Cole Adams (Alabama, $350,000, sim=0.24)","Jalen Brown (Arkansas, $400,000, sim=0.18)","Barion Brown (LSU, $900,000, sim=0.17)",1150000.0
Colin Hurley,LSU,QB,,1317742.274542779,comparative,582343.5,"Keelon Russell (Alabama, $800,000, sim=0.25)","Sam Horn (Missouri, $900,000, sim=0.22)","Jackson Arnold (Auburn, $500,000, sim=0.15)",2400000.0
Joel Rogers,LSU,S,,498001.915366207,comparative,139835.53125,"Cam Calhoun (Alabama, $350,000, sim=0.26)","Jardin Gilbert (LSU, $600,000, sim=0.21)","DaShawn Jones (Alabama, $400,000, sim=0.19)",350000.0
TaRon Francis,LSU,WR,,684097.9719728405,comparative,40871.73046875,"Cole Adams (Alabama, $350,000, sim=0.24)","Jalen Brown (Arkansas, $400,000, sim=0.18)","Barion Brown (LSU, $900,000, sim=0.14)",1150000.0
CJ Jimcoily,LSU,S,,498259.33717605885,comparative,134747.046875,"Cam Calhoun (Alabama, $350,000, sim=0.26)","Jardin Gilbert (LSU, $600,000, sim=0.21)","DaShawn Jones (Alabama, $400,000, sim=0.19)",350000.0
JD LaFleur,LSU,TE,,459073.7169832165,comparative,30946.8046875,"Danny Lewis Jr. (Alabama, $400,000, sim=0.24)","Brody Dalton (Alabama, $300,000, sim=0.19)","Lawson Luckie (Georgia, $500,000, sim=0.18)",400000.0
Keylan Moses,LSU,MLB,,744868.8521607751,comparative,41859.40234375,"Nikhai Hill-Green (Alabama, $400,000, sim=0.14)","Harold Perkins Jr. (LSU, $1,600,000, sim=0.13)","Xavian Sorey Jr. (Arkansas, $500,000, sim=0.12)",1250000.0
Emile Picarella III,LSU,QB,,1317742.274542779,comparative,582343.5,"Keelon Russell (Alabama, $800,000, sim=0.25)","Sam Horn (Missouri, $900,000, sim=0.22)","Jackson Arnold (Auburn, $500,000, sim=0.15)",2400000.0
Kylan Billiot,LSU,WR,,684097.9719728405,comparative,40871.73046875,"Cole Adams (Alabama, $350,000, sim=0.24)","Jalen Brown (Arkansas, $400,000, sim=0.18)","Barion Brown (LSU, $900,000, sim=0.14)",1150000.0
Phillip Wright III,LSU,WR,,679392.1839765611,comparative,42080.38671875,"Cole Adams (Alabama, $350,000, sim=0.25)","Jalen Brown (Arkansas, $400,000, sim=0.19)","Barion Brown (LSU, $900,000, sim=0.15)",1150000.0
Tyson Short,LSU,S,,499961.7682411905,comparative,194061.53125,"Cam Calhoun (Alabama, $350,000, sim=0.28)","Jardin Gilbert (LSU, $600,000, sim=0.27)","DaShawn Jones (Alabama, $400,000, sim=0.23)",350000.0
Jake Ibieta,LSU,MLB,,742468.1671166816,comparative,57683.6640625,"Nikhai Hill-Green (Alabama, $400,000, sim=0.15)","Harold Perkins Jr. (LSU, $1,600,000, sim=0.14)","Xavian Sorey Jr. (Arkansas, $500,000, sim=0.13)",1250000.0
Destyn Hill,LSU,WR,,647166.0657934049,comparative,114957.1875,"Cole Adams (Alabama, $350,000, sim=0.38)","Jalen Brown (Arkansas, $400,000, sim=0.22)","Barion Brown (LSU, $900,000, sim=0.17)",1150000.0
Charles Ross II,LSU,MLB,,744819.2089524142,comparative,38078.88671875,"Nikhai Hill-Green (Alabama, $400,000, sim=0.14)","Harold Perkins Jr. (LSU, $1,600,000, sim=0.13)","Xavian Sorey Jr. (Arkansas, $500,000, sim=0.12)",1250000.0
Jacob Bradford,LSU,S,,497330.41877718724,comparative,156683.9375,"Cam Calhoun (Alabama, $350,000, sim=0.26)","Jardin Gilbert (LSU, $600,000, sim=0.21)","DaShawn Jones (Alabama, $400,000, sim=0.19)",350000.0
Jhase Thomas,LSU,S,,497330.41877718724,comparative,156683.9375,"Cam Calhoun (Alabama, $350,000, sim=0.26)","Jardin Gilbert (LSU, $600,000, sim=0.21)","DaShawn Jones (Alabama, $400,000, sim=0.19)",350000.0
Jaiden Braker,LSU,MLB,,744819.2089524142,comparative,38078.88671875,"Nikhai Hill-Green (Alabama, $400,000, sim=0.14)","Harold Perkins Jr. (LSU, $1,600,000, sim=0.13)","Xavian Sorey Jr. (Arkansas, $500,000, sim=0.12)",1250000.0
Zach Weeks,LSU,MLB,,747886.6487830441,comparative,31956.27734375,"Nikhai Hill-Green (Alabama, $400,000, sim=0.14)","Harold Perkins Jr. (LSU, $1,600,000, sim=0.13)","Xavian Sorey Jr. (Arkansas, $500,000, sim=0.12)",1250000.0
Isaiah Stone,LSU,WR,,681641.9474865306,comparative,48042.51171875,"Cole Adams (Alabama, $350,000, sim=0.25)","Jalen Brown (Arkansas, $400,000, sim=0.19)","Barion Brown (LSU, $900,000, sim=0.16)",1150000.0
Kenzel Kelly,LSU,MLB,,734058.8071426856,comparative,336783.53125,"Nikhai Hill-Green (Alabama, $400,000, sim=0.17)","Xavian Sorey Jr. (Arkansas, $500,000, sim=0.14)","Harold Perkins Jr. (LSU, $1,600,000, sim=0.14)",1250000.0
Dashawn Spears,LSU,S,,518389.9459331343,comparative,177776.890625,"Keon Sabb (Alabama, $700,000, sim=0.30)","DaShawn Jones (Alabama, $400,000, sim=0.25)","Domani Jackson (Alabama, $500,000, sim=0.24)",350000.0
Landon Craig,LSU,TE,,459073.7169832165,comparative,30946.8046875,"Danny Lewis Jr. (Alabama, $400,000, sim=0.24)","Brody Dalton (Alabama, $300,000, sim=0.19)","Lawson Luckie (Georgia, $500,000, sim=0.18)",400000.0
Tre People,LSU,QB,,1317742.274542779,comparative,582343.5,"Keelon Russell (Alabama, $800,000, sim=0.25)","Sam Horn (Missouri, $900,000, sim=0.22)","Jackson Arnold (Auburn, $500,000, sim=0.15)",2400000.0
Jordan Mosley,Mississippi State,WR,,720376.7720601496,comparative,2206287.0,"Jalen Brown (Arkansas, $400,000, sim=0.22)","Barion Brown (LSU, $900,000, sim=0.17)","Cole Adams (Alabama, $350,000, sim=0.15)",1150000.0
Hunter Washington,Mississippi State,S,,516012.20118354895,comparative,545260.4375,"Jardin Gilbert (LSU, $600,000, sim=0.21)","Domani Jackson (Alabama, $500,000, sim=0.19)","DaShawn Jones (Alabama, $400,000, sim=0.19)",350000.0
Branden Jennings,Mississippi State,MLB,,736652.7339283929,comparative,201559.390625,"Xavian Sorey Jr. (Arkansas, $500,000, sim=0.20)","Nikhai Hill-Green (Alabama, $400,000, sim=0.16)","Harold Perkins Jr. (LSU, $1,600,000, sim=0.15)",1250000.0
Blake Shapen,Mississippi State,QB,,1207567.1925886283,comparative,1850618.875,"Garrett Nussmeier (LSU, $2,900,000, sim=0.22)","Jackson Arnold (Auburn, $500,000, sim=0.19)","Taylen Green (Arkansas, $600,000, sim=0.18)",2400000.0
Brylan Lanier,Mississippi State,S,,509224.25411005155,comparative,601413.8125,"Domani Jackson (Alabama, $500,000, sim=0.19)","Keon Sabb (Alabama, $700,000, sim=0.18)","Jardin Gilbert (LSU, $600,000, sim=0.18)",400000.0
Markus Allen,Mississippi State,WR,,704021.9712698454,comparative,638662.0,"Jalen Brown (Arkansas, $400,000, sim=0.21)","Cole Adams (Alabama, $350,000, sim=0.17)","Barion Brown (LSU, $900,000, sim=0.16)",1150000.0
Nic Mitchell,Mississippi State,MLB,,754371.5676755378,comparative,310346.4375,"Xavian Sorey Jr. (Arkansas, $500,000, sim=0.21)","Harold Perkins Jr. (LSU, $1,600,000, sim=0.18)","Nikhai Hill-Green (Alabama, $400,000, sim=0.16)",1250000.0
Brenen Thompson,Mississippi State,WR,,827592.1451078488,comparative,8860351.0,"Cam Coleman (Auburn, $1,500,000, sim=0.20)","Barion Brown (LSU, $900,000, sim=0.17)","Isaiah Horton (Alabama, $600,000, sim=0.16)",1100000.0
Malick Sylla,Mississippi State,MLB,,779076.2576187258,comparative,588797.9375,"Harold Perkins Jr. (LSU, $1,600,000, sim=0.20)","Xavian Sorey Jr. (Arkansas, $500,000, sim=0.20)","Nikhai Hill-Green (Alabama, $400,000, sim=0.16)",1250000.0
Seydou Traore,Mississippi State,TE,,482821.01334248576,comparative,195684.890625,"Lawson Luckie (Georgia, $500,000, sim=0.17)","Oscar Delp (Georgia, $700,000, sim=0.16)","Brody Dalton (Alabama, $300,000, sim=0.15)",400000.0
Max Reese,Mississippi State,TE,,463106.41436462,comparative,68323.25,"Danny Lewis Jr. (Alabama, $400,000, sim=0.19)","Brody Dalton (Alabama, $300,000, sim=0.19)","Lawson Luckie (Georgia, $500,000, sim=0.16)",400000.0
Jaron Glover,Mississippi State,WR,,700935.2573402161,comparative,290525.09375,"Jalen Brown (Arkansas, $400,000, sim=0.21)","Cole Adams (Alabama, $350,000, sim=0.17)","Barion Brown (LSU, $900,000, sim=0.15)",1150000.0
Tony Mitchell,Mississippi State,S,,513859.09570658364,comparative,317324.59375,"Jardin Gilbert (LSU, $600,000, sim=0.22)","Domani Jackson (Alabama, $500,000, sim=0.18)","DaShawn Jones (Alabama, $400,000, sim=0.18)",350000.0
Isaac Smith,Mississippi State,S,,622278.7998305475,comparative,736341.0,"Keon Sabb (Alabama, $700,000, sim=0.17)","Jardin Gilbert (LSU, $600,000, sim=0.17)","KJ Bolden (Georgia, $900,000, sim=0.17)",500000.0
Ayden Williams,Mississippi State,WR,,709704.7916676669,comparative,480609.90625,"Jalen Brown (Arkansas, $400,000, sim=0.30)","Barion Brown (LSU, $900,000, sim=0.20)","Cole Adams (Alabama, $350,000, sim=0.18)",1150000.0
Cameron Ball,Mississippi State,TE,,464316.0556703863,comparative,91209.2265625,"Danny Lewis Jr. (Alabama, $400,000, sim=0.20)","Brody Dalton (Alabama, $300,000, sim=0.19)","Lawson Luckie (Georgia, $500,000, sim=0.17)",400000.0
Derion Gullette,Mississippi State,MLB,,747119.9818634184,comparative,25372.205078125,"Xavian Sorey Jr. (Arkansas, $500,000, sim=0.19)","Harold Perkins Jr. (LSU, $1,600,000, sim=0.16)","Nikhai Hill-Green (Alabama, $400,000, sim=0.15)",1250000.0
Anthony Evans III,Mississippi State,WR,,855334.9313010413,comparative,1994978.875,"Cam Coleman (Auburn, $1,500,000, sim=0.25)","Barion Brown (LSU, $900,000, sim=0.20)","Jalen Brown (Arkansas, $400,000, sim=0.17)",1100000.0
Vic Sutton,Mississippi State,S,,507887.70906019444,comparative,445238.09375,"Jardin Gilbert (LSU, $600,000, sim=0.20)","Cam Calhoun (Alabama, $350,000, sim=0.18)","DaShawn Jones (Alabama, $400,000, sim=0.16)",350000.0
Sam West,Mississippi State,TE,,467414.32184707443,comparative,71752.859375,"Danny Lewis Jr. (Alabama, $400,000, sim=0.19)","Brody Dalton (Alabama, $300,000, sim=0.17)","Lawson Luckie (Georgia, $500,000, sim=0.17)",400000.0
Jalen Smith,Mississippi State,MLB,,740067.1530817724,comparative,23953.349609375,"Xavian Sorey Jr. (Arkansas, $500,000, sim=0.19)","Harold Perkins Jr. (LSU, $1,600,000, sim=0.15)","Nikhai Hill-Green (Alabama, $400,000, sim=0.15)",1250000.0
Stonka Burnside,Mississippi State,S,,507941.89789588214,comparative,418411.25,"Jardin Gilbert (LSU, $600,000, sim=0.20)","Cam Calhoun (Alabama, $350,000, sim=0.18)","DaShawn Jones (Alabama, $400,000, sim=0.16)",350000.0
Luke Kromenhoek,Mississippi State,QB,,1165730.0965943197,comparative,1795933.875,"Sam Horn (Missouri, $900,000, sim=0.28)","Keelon Russell (Alabama, $800,000, sim=0.19)","Jackson Arnold (Auburn, $500,000, sim=0.17)",2400000.0
Cam Thompson,Mississippi State,WR,,700935.2573402161,comparative,290525.09375,"Jalen Brown (Arkansas, $400,000, sim=0.21)","Cole Adams (Alabama, $350,000, sim=0.17)","Barion Brown (LSU, $900,000, sim=0.15)",1150000.0
Zakari Tillman,Mississippi State,MLB,,738074.9058561377,comparative,48534.0703125,"Xavian Sorey Jr. (Arkansas, $500,000, sim=0.22)","Harold Perkins Jr. (LSU, $1,600,000, sim=0.17)","Nikhai Hill-Green (Alabama, $400,000, sim=0.16)",1250000.0
Tanner Johnson,Mississippi State,S,,511618.1470092754,comparative,452280.21875,"Jardin Gilbert (LSU, $600,000, sim=0.23)","DaShawn Jones (Alabama, $400,000, sim=0.19)","Domani Jackson (Alabama, $500,000, sim=0.18)",350000.0
Ricky Johnson,Mississippi State,WR,,686252.6828026513,comparative,198705.09375,"Jalen Brown (Arkansas, $400,000, sim=0.25)","Cole Adams (Alabama, $350,000, sim=0.18)","Cam Coleman (Auburn, $1,500,000, sim=0.14)",1150000.0
Fatt Forrest,Mississippi State,MLB,,743328.7016665473,comparative,122339.140625,"Xavian Sorey Jr. (Arkansas, $500,000, sim=0.13)","Nikhai Hill-Green (Alabama, $400,000, sim=0.12)","Harold Perkins Jr. (LSU, $1,600,000, sim=0.12)",1250000.0
Gracen Harris,Mississippi State,WR,,690140.9738091584,comparative,186065.1875,"Jalen Brown (Arkansas, $400,000, sim=0.23)","Cole Adams (Alabama, $350,000, sim=0.18)","Barion Brown (LSU, $900,000, sim=0.13)",1150000.0
Sanfrisco Magee,Mississippi State,WR,,674141.7482303113,comparative,556614.75,"Jalen Brown (Arkansas, $400,000, sim=0.33)","Cole Adams (Alabama, $350,000, sim=0.19)","Cam Coleman (Auburn, $1,500,000, sim=0.15)",1150000.0
Cyrus Reyes,Mississippi State,S,,508422.3586610289,comparative,378223.28125,"Jardin Gilbert (LSU, $600,000, sim=0.20)","Cam Calhoun (Alabama, $350,000, sim=0.18)","DaShawn Jones (Alabama, $400,000, sim=0.17)",350000.0
Nevaeh Sanders,Mississippi State,MLB,,737263.1071204769,comparative,276310.59375,"Xavian Sorey Jr. (Arkansas, $500,000, sim=0.17)","Nikhai Hill-Green (Alabama, $400,000, sim=0.15)","Harold Perkins Jr. (LSU, $1,600,000, sim=0.14)",1250000.0
AJ Rice,Mississippi State,MLB,,743323.0057788551,comparative,119024.359375,"Xavian Sorey Jr. (Arkansas, $500,000, sim=0.13)","Nikhai Hill-Green (Alabama, $400,000, sim=0.12)","Harold Perkins Jr. (LSU, $1,600,000, sim=0.12)",1250000.0
Sekou Smith Jr.,Mississippi State,S,,505928.55817048904,comparative,335674.6875,"Cam Calhoun (Alabama, $350,000, sim=0.17)","Jardin Gilbert (LSU, $600,000, sim=0.17)","DaShawn Jones (Alabama, $400,000, sim=0.15)",350000.0
Kamario Taylor,Mississippi State,QB,,748495.0221889403,comparative,531104.1875,"Jackson Arnold (Auburn, $500,000, sim=0.20)","Sam Horn (Missouri, $900,000, sim=0.16)","LaNorris Sellers (South Carolina, $1,000,000, sim=0.16)",500000.0
Tyler Lockhart,Mississippi State,MLB,,747365.3937144848,comparative,31756.912109375,"Xavian Sorey Jr. (Arkansas, $500,000, sim=0.14)","Harold Perkins Jr. (LSU, $1,600,000, sim=0.13)","Nikhai Hill-Green (Alabama, $400,000, sim=0.13)",1250000.0
Jatavious Johnson,Mississippi State,S,,505787.9779145493,comparative,350764.03125,"Cam Calhoun (Alabama, $350,000, sim=0.17)","Jardin Gilbert (LSU, $600,000, sim=0.17)","DaShawn Jones (Alabama, $400,000, sim=0.15)",350000.0
Tyshun Willis,Mississippi State,MLB,,743328.7016665473,comparative,122339.140625,"Xavian Sorey Jr. (Arkansas, $500,000, sim=0.13)","Nikhai Hill-Green (Alabama, $400,000, sim=0.12)","Harold Perkins Jr. (LSU, $1,600,000, sim=0.12)",1250000.0
Ferzell Shepard,Mississippi State,WR,,696504.4517711223,comparative,173721.609375,"Jalen Brown (Arkansas, $400,000, sim=0.21)","Cole Adams (Alabama, $350,000, sim=0.17)","Barion Brown (LSU, $900,000, sim=0.13)",1150000.0
Joeseph Skipworth,Mississippi State,TE,,465250.034199468,comparative,48011.734375,"Danny Lewis Jr. (Alabama, $400,000, sim=0.17)","Brody Dalton (Alabama, $300,000, sim=0.15)","Lawson Luckie (Georgia, $500,000, sim=0.15)",400000.0
Lo'Kavion Jackson,Mississippi State,S,,505787.9779145493,comparative,350764.03125,"Cam Calhoun (Alabama, $350,000, sim=0.17)","Jardin Gilbert (LSU, $600,000, sim=0.17)","DaShawn Jones (Alabama, $400,000, sim=0.15)",350000.0
Davian Jackson,Mississippi State,WR,,696504.4517711223,comparative,173721.609375,"Jalen Brown (Arkansas, $400,000, sim=0.21)","Cole Adams (Alabama, $350,000, sim=0.17)","Barion Brown (LSU, $900,000, sim=0.13)",1150000.0
Tyler Woodard,Mississippi State,S,,511142.8538562527,comparative,609316.6875,"Jardin Gilbert (LSU, $600,000, sim=0.23)","DaShawn Jones (Alabama, $400,000, sim=0.18)","Cam Calhoun (Alabama, $350,000, sim=0.17)",350000.0
Sam Paxton,Mississippi State,TE,,462457.0680551914,comparative,130619.96875,"Brody Dalton (Alabama, $300,000, sim=0.19)","Danny Lewis Jr. (Alabama, $400,000, sim=0.18)","Lawson Luckie (Georgia, $500,000, sim=0.15)",400000.0
Jahron Manning,Mississippi State,S,,563091.0381449317,comparative,1228769.25,"Keon Sabb (Alabama, $700,000, sim=0.17)","Zabien Brown (Alabama, $300,000, sim=0.16)","KJ Bolden (Georgia, $900,000, sim=0.16)",600000.0
Isaiah Mitchell,Mississippi State,WR,,696504.4517711223,comparative,173721.609375,"Jalen Brown (Arkansas, $400,000, sim=0.21)","Cole Adams (Alabama, $350,000, sim=0.17)","Barion Brown (LSU, $900,000, sim=0.13)",1150000.0
Parker Puckett,Mississippi State,QB,,1147599.5703435582,comparative,2196126.75,"Sam Horn (Missouri, $900,000, sim=0.26)","Keelon Russell (Alabama, $800,000, sim=0.17)","Jackson Arnold (Auburn, $500,000, sim=0.14)",2400000.0
Montrell Chapman,Mississippi State,MLB,,738102.5750880379,comparative,301616.71875,"Xavian Sorey Jr. (Arkansas, $500,000, sim=0.14)","Nikhai Hill-Green (Alabama, $400,000, sim=0.14)","Harold Perkins Jr. (LSU, $1,600,000, sim=0.13)",1250000.0
LaKendrick James,Mississippi State,MLB,,737853.0871739779,comparative,265658.125,"Xavian Sorey Jr. (Arkansas, $500,000, sim=0.15)","Nikhai Hill-Green (Alabama, $400,000, sim=0.14)","Harold Perkins Jr. (LSU, $1,600,000, sim=0.13)",1250000.0
Ja'Bryis Stewart,Mississippi State,MLB,,737614.2002264044,comparative,252859.375,"Xavian Sorey Jr. (Arkansas, $500,000, sim=0.15)","Nikhai Hill-Green (Alabama, $400,000, sim=0.14)","Harold Perkins Jr. (LSU, $1,600,000, sim=0.13)",1250000.0
Turner Reeves,Mississippi State,MLB,,743328.7016665473,comparative,122339.140625,"Xavian Sorey Jr. (Arkansas, $500,000, sim=0.13)","Nikhai Hill-Green (Alabama, $400,000, sim=0.12)","Harold Perkins Jr. (LSU, $1,600,000, sim=0.12)",1250000.0
AJ Lewis Jr.,Mississippi State,WR,,696504.4517711223,comparative,173721.609375,"Jalen Brown (Arkansas, $400,000, sim=0.21)","Cole Adams (Alabama, $350,000, sim=0.17)","Barion Brown (LSU, $900,000, sim=0.13)",1150000.0
Emeka Iloh,Mississippi State,TE,,462465.02117805195,comparative,69023.359375,"Danny Lewis Jr. (Alabama, $400,000, sim=0.19)","Brody Dalton (Alabama, $300,000, sim=0.18)","Lawson Luckie (Georgia, $500,000, sim=0.16)",400000.0
DK McGruder,Mississippi State,S,,510761.89769406634,comparative,698456.625,"Jardin Gilbert (LSU, $600,000, sim=0.23)","DaShawn Jones (Alabama, $400,000, sim=0.18)","Cam Calhoun (Alabama, $350,000, sim=0.17)",350000.0
Sean Pleasant,Mississippi State,S,,505787.9779145493,comparative,350764.03125,"Cam Calhoun (Alabama, $350,000, sim=0.17)","Jardin Gilbert (LSU, $600,000, sim=0.17)","DaShawn Jones (Alabama, $400,000, sim=0.15)",350000.0
Jessie Primer IV,Mississippi State,WR,,696504.4517711223,comparative,173721.609375,"Jalen Brown (Arkansas, $400,000, sim=0.21)","Cole Adams (Alabama, $350,000, sim=0.17)","Barion Brown (LSU, $900,000, sim=0.13)",1150000.0
Jalen Catalon,Missouri,S,,515904.45847150305,comparative,339402.9375,"Jardin Gilbert (LSU, $600,000, sim=0.25)","Domani Jackson (Alabama, $500,000, sim=0.22)","DaShawn Jones (Alabama, $400,000, sim=0.22)",350000.0
Daylan Carnell,Missouri,S,,502869.2871622392,comparative,606295.0,"Keon Sabb (Alabama, $700,000, sim=0.20)","DaShawn Jones (Alabama, $400,000, sim=0.19)","Domani Jackson (Alabama, $500,000, sim=0.19)",400000.0
Kevin Coleman Jr.,Missouri,WR,,828373.3675810697,comparative,1250656.25,"Barion Brown (LSU, $900,000, sim=0.26)","Cam Coleman (Auburn, $1,500,000, sim=0.20)","Jalen Brown (Arkansas, $400,000, sim=0.16)",1100000.0
Sam Horn,Missouri,QB,900000.0,900000.0,actual,2704375.25,,,,0.0
Beau Pribula,Missouri,QB,,1214245.3862987016,comparative,1956916.875,"Jackson Arnold (Auburn, $500,000, sim=0.22)","John Mateer (Oklahoma, $700,000, sim=0.22)","Taylen Green (Arkansas, $600,000, sim=0.21)",2400000.0
Marvin Burks Jr.,Missouri,S,,510777.7502897291,comparative,323692.53125,"Domani Jackson (Alabama, $500,000, sim=0.19)","Jardin Gilbert (LSU, $600,000, sim=0.19)","Cam Calhoun (Alabama, $350,000, sim=0.19)",350000.0
Brett Norfleet,Missouri,TE,,479961.45098344376,comparative,126376.0859375,"Lawson Luckie (Georgia, $500,000, sim=0.22)","Oscar Delp (Georgia, $700,000, sim=0.18)","Danny Lewis Jr. (Alabama, $400,000, sim=0.17)",400000.0
Josiah Trotter,Missouri,MLB,,755144.4004997103,comparative,178068.390625,"Harold Perkins Jr. (LSU, $1,600,000, sim=0.18)","Xavian Sorey Jr. (Arkansas, $500,000, sim=0.18)","Yhonzae Pierre (Alabama, $350,000, sim=0.16)",1250000.0
Tommy Lock,Missouri,QB,,1159974.986034579,comparative,6418113.5,"Sam Horn (Missouri, $900,000, sim=0.44)","Garrett Nussmeier (LSU, $2,900,000, sim=0.17)","Jackson Arnold (Auburn, $500,000, sim=0.15)",2400000.0
Logan Muckey,Missouri,WR,,710523.6970036036,comparative,383535.875,"Jalen Brown (Arkansas, $400,000, sim=0.17)","Cole Adams (Alabama, $350,000, sim=0.17)","Barion Brown (LSU, $900,000, sim=0.16)",1150000.0
Xavier Loyd,Missouri,WR,,703203.1761072958,comparative,456732.59375,"Jalen Brown (Arkansas, $400,000, sim=0.20)","Cole Adams (Alabama, $350,000, sim=0.19)","Barion Brown (LSU, $900,000, sim=0.17)",1150000.0
Khalil Jacobs,Missouri,MLB,,740377.7268089375,comparative,79104.734375,"Xavian Sorey Jr. (Arkansas, $500,000, sim=0.24)","Harold Perkins Jr. (LSU, $1,600,000, sim=0.18)","Nikhai Hill-Green (Alabama, $400,000, sim=0.18)",1250000.0
Joshua Manning,Missouri,WR,,742194.1221601558,comparative,266669.125,"Jalen Brown (Arkansas, $400,000, sim=0.25)","Barion Brown (LSU, $900,000, sim=0.23)","Cam Coleman (Auburn, $1,500,000, sim=0.20)",1150000.0
Marquis Johnson,Missouri,WR,,746470.9623074075,comparative,383184.90625,"Jalen Brown (Arkansas, $400,000, sim=0.25)","Barion Brown (LSU, $900,000, sim=0.23)","Cam Coleman (Auburn, $1,500,000, sim=0.20)",1150000.0
Jeremiah Beasley,Missouri,MLB,,739969.1851431316,comparative,45226.75390625,"Nikhai Hill-Green (Alabama, $400,000, sim=0.15)","Xavian Sorey Jr. (Arkansas, $500,000, sim=0.14)","Harold Perkins Jr. (LSU, $1,600,000, sim=0.13)",1250000.0
James Madison II,Missouri,WR,,696540.852418159,comparative,116074.03125,"Jalen Brown (Arkansas, $400,000, sim=0.19)","Cole Adams (Alabama, $350,000, sim=0.18)","Barion Brown (LSU, $900,000, sim=0.13)",1150000.0
Nicholas Rodriguez,Missouri,MLB,,731450.9687697501,comparative,64977.44921875,"Xavian Sorey Jr. (Arkansas, $500,000, sim=0.16)","Nikhai Hill-Green (Alabama, $400,000, sim=0.15)","Harold Perkins Jr. (LSU, $1,600,000, sim=0.14)",1250000.0
Brett Brown,Missouri,QB,,1063706.524662165,comparative,2786230.25,"Sam Horn (Missouri, $900,000, sim=0.96)","Keelon Russell (Alabama, $800,000, sim=0.17)","Garrett Nussmeier (LSU, $2,900,000, sim=0.16)",2400000.0
Caleb Flagg,Missouri,S,,511088.28313852835,comparative,793969.5625,"Jardin Gilbert (LSU, $600,000, sim=0.25)","DaShawn Jones (Alabama, $400,000, sim=0.22)","Domani Jackson (Alabama, $500,000, sim=0.20)",350000.0
Gavin Wyatt,Missouri,WR,,701247.1703566117,comparative,180637.796875,"Jalen Brown (Arkansas, $400,000, sim=0.19)","Cole Adams (Alabama, $350,000, sim=0.18)","Barion Brown (LSU, $900,000, sim=0.15)",1150000.0
Daniel Blood,Missouri,WR,,691106.0808800824,comparative,253911.765625,"Jalen Brown (Arkansas, $400,000, sim=0.24)","Cole Adams (Alabama, $350,000, sim=0.21)","Barion Brown (LSU, $900,000, sim=0.18)",1150000.0
Jordon Harris,Missouri,TE,,467914.9970614084,comparative,136797.515625,"Danny Lewis Jr. (Alabama, $400,000, sim=0.23)","Brody Dalton (Alabama, $300,000, sim=0.21)","Lawson Luckie (Georgia, $500,000, sim=0.20)",400000.0
Santana Banner,Missouri,S,,563221.7765575848,comparative,142418.25,"Keon Sabb (Alabama, $700,000, sim=0.21)","Zabien Brown (Alabama, $300,000, sim=0.20)","KJ Bolden (Georgia, $900,000, sim=0.19)",600000.0
Mose Phillips III,Missouri,S,,509525.6432970063,comparative,332998.625,"Jardin Gilbert (LSU, $600,000, sim=0.25)","DaShawn Jones (Alabama, $400,000, sim=0.21)","Cam Calhoun (Alabama, $350,000, sim=0.20)",350000.0
Brady Hultman,Missouri,MLB,,738448.9919453333,comparative,184717.0625,"Nikhai Hill-Green (Alabama, $400,000, sim=0.14)","Xavian Sorey Jr. (Arkansas, $500,000, sim=0.14)","Harold Perkins Jr. (LSU, $1,600,000, sim=0.13)",1250000.0
Brian Huff,Missouri,MLB,,743547.6363919029,comparative,60536.52734375,"Nikhai Hill-Green (Alabama, $400,000, sim=0.13)","Xavian Sorey Jr. (Arkansas, $500,000, sim=0.12)","Harold Perkins Jr. (LSU, $1,600,000, sim=0.12)",1250000.0
Donovan Olugbode,Missouri,WR,,745146.5922058712,comparative,435816.0,"Jalen Brown (Arkansas, $400,000, sim=0.24)","Cam Coleman (Auburn, $1,500,000, sim=0.21)","Cole Adams (Alabama, $350,000, sim=0.19)",1150000.0
Trajen Greco,Missouri,S,,506881.6740642006,comparative,193470.765625,"Jardin Gilbert (LSU, $600,000, sim=0.22)","Cam Calhoun (Alabama, $350,000, sim=0.20)","DaShawn Jones (Alabama, $400,000, sim=0.18)",350000.0
CJ Bass III,Missouri,S,,504186.8446912827,comparative,159546.171875,"Cam Calhoun (Alabama, $350,000, sim=0.20)","Jardin Gilbert (LSU, $600,000, sim=0.18)","DaShawn Jones (Alabama, $400,000, sim=0.16)",350000.0
Dante McClellan,Missouri,MLB,,745875.3445775032,comparative,34776.671875,"Nikhai Hill-Green (Alabama, $400,000, sim=0.13)","Harold Perkins Jr. (LSU, $1,600,000, sim=0.13)","Xavian Sorey Jr. (Arkansas, $500,000, sim=0.13)",1250000.0
Gavin Hoffman,Missouri,TE,,464739.08438033273,comparative,42803.73046875,"Danny Lewis Jr. (Alabama, $400,000, sim=0.18)","Brody Dalton (Alabama, $300,000, sim=0.16)","Lawson Luckie (Georgia, $500,000, sim=0.16)",400000.0
Vince Brown II,Missouri,TE,,460748.92574827187,comparative,121971.59375,"Brody Dalton (Alabama, $300,000, sim=0.22)","Danny Lewis Jr. (Alabama, $400,000, sim=0.21)","Lawson Luckie (Georgia, $500,000, sim=0.17)",400000.0
Noah Flaskamp,Missouri,WR,,701247.1703566117,comparative,180637.796875,"Jalen Brown (Arkansas, $400,000, sim=0.19)","Cole Adams (Alabama, $350,000, sim=0.18)","Barion Brown (LSU, $900,000, sim=0.15)",1150000.0
Rico Merriweather,Missouri,S,,509229.00493557175,comparative,453205.0625,"Jardin Gilbert (LSU, $600,000, sim=0.25)","DaShawn Jones (Alabama, $400,000, sim=0.20)","Cam Calhoun (Alabama, $350,000, sim=0.19)",350000.0
Triston Newson,Missouri,MLB,,722124.5881082991,comparative,69002.3671875,"Xavian Sorey Jr. (Arkansas, $500,000, sim=0.20)","Nikhai Hill-Green (Alabama, $400,000, sim=0.19)","Harold Perkins Jr. (LSU, $1,600,000, sim=0.15)",1250000.0
Tommy Reese,Missouri,MLB,,738448.9919453333,comparative,184717.0625,"Nikhai Hill-Green (Alabama, $400,000, sim=0.14)","Xavian Sorey Jr. (Arkansas, $500,000, sim=0.14)","Harold Perkins Jr. (LSU, $1,600,000, sim=0.13)",1250000.0
DaMarion Fowlkes,Missouri,WR,,696546.2589177445,comparative,111718.640625,"Jalen Brown (Arkansas, $400,000, sim=0.19)","Cole Adams (Alabama, $350,000, sim=0.18)","Barion Brown (LSU, $900,000, sim=0.13)",1150000.0
Jackson Hancock,Missouri,S,,504057.53812040924,comparative,180170.515625,"Cam Calhoun (Alabama, $350,000, sim=0.19)","Jardin Gilbert (LSU, $600,000, sim=0.18)","DaShawn Jones (Alabama, $400,000, sim=0.16)",350000.0
Jude James,Missouri,TE,,474207.45237763843,comparative,107105.21875,"Lawson Luckie (Georgia, $500,000, sim=0.18)","Danny Lewis Jr. (Alabama, $400,000, sim=0.18)","Oscar Delp (Georgia, $700,000, sim=0.16)",400000.0
Matt Zollers,Missouri,QB,,1172771.604061916,comparative,649184.875,"Sam Horn (Missouri, $900,000, sim=0.23)","Keelon Russell (Alabama, $800,000, sim=0.21)","Jackson Arnold (Auburn, $500,000, sim=0.16)",2400000.0
Shaun Terry II,Missouri,WR,,684614.9624778179,comparative,185338.546875,"Jalen Brown (Arkansas, $400,000, sim=0.22)","Cole Adams (Alabama, $350,000, sim=0.21)","Barion Brown (LSU, $900,000, sim=0.14)",1150000.0
Jason King,Missouri,MLB,,746285.6945160953,comparative,59347.05859375,"Nikhai Hill-Green (Alabama, $400,000, sim=0.13)","Harold Perkins Jr. (LSU, $1,600,000, sim=0.13)","Xavian Sorey Jr. (Arkansas, $500,000, sim=0.12)",1250000.0
Dakotah Terrell,Missouri,TE,,464739.08438033273,comparative,42803.73046875,"Danny Lewis Jr. (Alabama, $400,000, sim=0.18)","Brody Dalton (Alabama, $300,000, sim=0.16)","Lawson Luckie (Georgia, $500,000, sim=0.16)",400000.0
Jackson Daily,Missouri,MLB,,741796.4057939051,comparative,114243.0703125,"Nikhai Hill-Green (Alabama, $400,000, sim=0.14)","Xavian Sorey Jr. (Arkansas, $500,000, sim=0.13)","Harold Perkins Jr. (LSU, $1,600,000, sim=0.13)",1250000.0
Adam Molitor,Missouri,TE,,462563.5564677335,comparative,46393.26953125,"Danny Lewis Jr. (Alabama, $400,000, sim=0.21)","Brody Dalton (Alabama, $300,000, sim=0.19)","Lawson Luckie (Georgia, $500,000, sim=0.17)",400000.0
Jayden Bolton,Missouri,WR,,710523.6970036036,comparative,383535.875,"Jalen Brown (Arkansas, $400,000, sim=0.17)","Cole Adams (Alabama, $350,000, sim=0.17)","Barion Brown (LSU, $900,000, sim=0.16)",1150000.0
Essien Smith,Missouri,QB,,1140315.5950054934,comparative,1479045.625,"Sam Horn (Missouri, $900,000, sim=0.29)","Keelon Russell (Alabama, $800,000, sim=0.19)","Jackson Arnold (Auburn, $500,000, sim=0.14)",2400000.0
Cameron Pitts,Missouri,WR,,696540.852418159,comparative,116074.03125,"Jalen Brown (Arkansas, $400,000, sim=0.19)","Cole Adams (Alabama, $350,000, sim=0.18)","Barion Brown (LSU, $900,000, sim=0.13)",1150000.0
Kameron Eleby,Missouri,QB,,1140315.5950054934,comparative,1479045.625,"Sam Horn (Missouri, $900,000, sim=0.29)","Keelon Russell (Alabama, $800,000, sim=0.19)","Jackson Arnold (Auburn, $500,000, sim=0.14)",2400000.0
Keontez Lewis,Oklahoma,WR,,728809.6404602558,comparative,257934.15625,"Barion Brown (LSU, $900,000, sim=0.27)","Cole Adams (Alabama, $350,000, sim=0.25)","Isaiah Horton (Alabama, $600,000, sim=0.21)",1150000.0
Kendal Daniels,Oklahoma,MLB,,729160.549718313,comparative,307648.03125,"Nikhai Hill-Green (Alabama, $400,000, sim=0.35)","Deontae Lawson (Alabama, $800,000, sim=0.23)","Harold Perkins Jr. (LSU, $1,600,000, sim=0.22)",1250000.0
Deion Burks,Oklahoma,WR,,810363.5976111656,comparative,930952.125,"Barion Brown (LSU, $900,000, sim=0.33)","Isaiah Horton (Alabama, $600,000, sim=0.27)","Cam Coleman (Auburn, $1,500,000, sim=0.24)",1150000.0
Kobie McKinzie,Oklahoma,MLB,,764781.1020443339,comparative,27250.736328125,"Harold Perkins Jr. (LSU, $1,600,000, sim=0.20)","Nikhai Hill-Green (Alabama, $400,000, sim=0.20)","Xavian Sorey Jr. (Arkansas, $500,000, sim=0.16)",1250000.0
Gentry Williams,Oklahoma,S,,500419.1072961363,comparative,257876.109375,"DaShawn Jones (Alabama, $400,000, sim=0.40)","Jardin Gilbert (LSU, $600,000, sim=0.30)","Domani Jackson (Alabama, $500,000, sim=0.29)",350000.0
Will Huggins,Oklahoma,TE,,434217.1116654526,comparative,159403.96875,"Brody Dalton (Alabama, $300,000, sim=0.58)","Danny Lewis Jr. (Alabama, $400,000, sim=0.41)","Oscar Delp (Georgia, $700,000, sim=0.28)",400000.0
Major Melson,Oklahoma,WR,,701903.4020440541,comparative,255944.953125,"Cole Adams (Alabama, $350,000, sim=0.21)","Barion Brown (LSU, $900,000, sim=0.17)","Jalen Brown (Arkansas, $400,000, sim=0.15)",1150000.0
Kip Lewis,Oklahoma,MLB,,762409.1526165135,comparative,167210.96875,"Harold Perkins Jr. (LSU, $1,600,000, sim=0.23)","Nikhai Hill-Green (Alabama, $400,000, sim=0.19)","Xavian Sorey Jr. (Arkansas, $500,000, sim=0.19)",1250000.0
Jayden Gibson,Oklahoma,WR,,686807.4245308803,comparative,99443.2890625,"Cole Adams (Alabama, $350,000, sim=0.25)","Barion Brown (LSU, $900,000, sim=0.17)","Jalen Brown (Arkansas, $400,000, sim=0.16)",1150000.0
Robert Spears-Jennings,Oklahoma,S,,511253.4931711935,comparative,397444.71875,"Domani Jackson (Alabama, $500,000, sim=0.42)","Keon Sabb (Alabama, $700,000, sim=0.32)","DaShawn Jones (Alabama, $400,000, sim=0.30)",400000.0
Peyton Bowen,Oklahoma,S,,540020.9927644571,comparative,1046945.3125,"Zabien Brown (Alabama, $300,000, sim=0.36)","Keon Sabb (Alabama, $700,000, sim=0.23)","KJ Bolden (Georgia, $900,000, sim=0.23)",600000.0
Jacobe Johnson,Oklahoma,S,,503669.681637428,comparative,221121.4375,"Jardin Gilbert (LSU, $600,000, sim=0.35)","DaShawn Jones (Alabama, $400,000, sim=0.32)","Domani Jackson (Alabama, $500,000, sim=0.29)",350000.0
John Locke Jr.,Oklahoma,TE,,444018.0803370427,comparative,55695.3828125,"Danny Lewis Jr. (Alabama, $400,000, sim=0.39)","Brody Dalton (Alabama, $300,000, sim=0.35)","Lawson Luckie (Georgia, $500,000, sim=0.23)",400000.0
Kaden Helms,Oklahoma,TE,,449132.18598218914,comparative,95848.9375,"Danny Lewis Jr. (Alabama, $400,000, sim=0.51)","Brody Dalton (Alabama, $300,000, sim=0.39)","Lawson Luckie (Georgia, $500,000, sim=0.33)",400000.0
Jaren Kanak,Oklahoma,TE,,496761.6611282779,comparative,193908.171875,"Oscar Delp (Georgia, $700,000, sim=0.28)","Lawson Luckie (Georgia, $500,000, sim=0.22)","Brody Dalton (Alabama, $300,000, sim=0.20)",400000.0
Sammy Omosigho,Oklahoma,MLB,,731398.3467190444,comparative,70455.796875,"Nikhai Hill-Green (Alabama, $400,000, sim=0.31)","Deontae Lawson (Alabama, $800,000, sim=0.24)","Harold Perkins Jr. (LSU, $1,600,000, sim=0.20)",1250000.0
John Mateer,Oklahoma,QB,700000.0,700000.0,actual,1303200.75,,,,0.0
Kade McIntyre,Oklahoma,TE,,452591.7725126316,comparative,42410.7578125,"Danny Lewis Jr. (Alabama, $400,000, sim=0.33)","Brody Dalton (Alabama, $300,000, sim=0.26)","Lawson Luckie (Georgia, $500,000, sim=0.22)",400000.0
Eli Bowen,Oklahoma,S,,452702.9709295698,comparative,158714.375,"Keon Sabb (Alabama, $700,000, sim=0.29)","Zabien Brown (Alabama, $300,000, sim=0.28)","DaShawn Jones (Alabama, $400,000, sim=0.27)",400000.0
Jaydan Hardy,Oklahoma,S,,498414.51858630346,comparative,123556.6875,"Cam Calhoun (Alabama, $350,000, sim=0.30)","Jardin Gilbert (LSU, $600,000, sim=0.26)","DaShawn Jones (Alabama, $400,000, sim=0.25)",350000.0
Michael Hawkins Jr.,Oklahoma,QB,,1079166.59539282,comparative,467880.4375,"Keelon Russell (Alabama, $800,000, sim=0.35)","Sam Horn (Missouri, $900,000, sim=0.22)","Garrett Nussmeier (LSU, $2,900,000, sim=0.19)",2500000.0
Zion Kearney,Oklahoma,WR,,619689.191252728,comparative,229677.046875,"Cole Adams (Alabama, $350,000, sim=0.49)","Jalen Brown (Arkansas, $400,000, sim=0.19)","Barion Brown (LSU, $900,000, sim=0.17)",1150000.0
Jeremiah Newcombe,Oklahoma,S,,494501.0934611891,comparative,135342.828125,"Cam Calhoun (Alabama, $350,000, sim=0.28)","Jardin Gilbert (LSU, $600,000, sim=0.20)","DaShawn Jones (Alabama, $400,000, sim=0.19)",350000.0
Zion Ragins,Oklahoma,WR,,677679.0671820261,comparative,55472.52734375,"Cole Adams (Alabama, $350,000, sim=0.27)","Jalen Brown (Arkansas, $400,000, sim=0.16)","Barion Brown (LSU, $900,000, sim=0.15)",1150000.0
Isaiah Sategna III,Oklahoma,WR,,1257689.3662278843,comparative,7933615.5,"Isaiah Horton (Alabama, $600,000, sim=0.22)","Cam Coleman (Auburn, $1,500,000, sim=0.22)","Germie Bernard (Alabama, $500,000, sim=0.18)",2700000.0
Owen Heinecke,Oklahoma,MLB,,745751.0280996701,comparative,101833.6796875,"Nikhai Hill-Green (Alabama, $400,000, sim=0.20)","Harold Perkins Jr. (LSU, $1,600,000, sim=0.20)","Xavian Sorey Jr. (Arkansas, $500,000, sim=0.19)",1250000.0
Carson Kent,Oklahoma,TE,,442792.8260867047,comparative,112715.953125,"Danny Lewis Jr. (Alabama, $400,000, sim=0.59)","Brody Dalton (Alabama, $300,000, sim=0.41)","Lawson Luckie (Georgia, $500,000, sim=0.28)",400000.0
Josiah Martin,Oklahoma,WR,,677679.0671820261,comparative,55472.52734375,"Cole Adams (Alabama, $350,000, sim=0.27)","Jalen Brown (Arkansas, $400,000, sim=0.16)","Barion Brown (LSU, $900,000, sim=0.15)",1150000.0
Jakeb Snyder,Oklahoma,WR,,677679.0671820261,comparative,55472.52734375,"Cole Adams (Alabama, $350,000, sim=0.27)","Jalen Brown (Arkansas, $400,000, sim=0.16)","Barion Brown (LSU, $900,000, sim=0.15)",1150000.0
Ivan Carreon,Oklahoma,WR,,624996.7904520344,comparative,365760.65625,"Cole Adams (Alabama, $350,000, sim=0.48)","Jalen Brown (Arkansas, $400,000, sim=0.20)","Barion Brown (LSU, $900,000, sim=0.17)",1150000.0
KJ Daniels,Oklahoma,WR,,681024.0881197676,comparative,44038.59375,"Cole Adams (Alabama, $350,000, sim=0.25)","Jalen Brown (Arkansas, $400,000, sim=0.16)","Barion Brown (LSU, $900,000, sim=0.14)",1150000.0
Taylor Heim,Oklahoma,MLB,,744516.7243023097,comparative,21234.375,"Nikhai Hill-Green (Alabama, $400,000, sim=0.17)","Harold Perkins Jr. (LSU, $1,600,000, sim=0.15)","Xavian Sorey Jr. (Arkansas, $500,000, sim=0.13)",1250000.0
Maliek Hawkins,Oklahoma,S,,494501.0934611891,comparative,135342.828125,"Cam Calhoun (Alabama, $350,000, sim=0.28)","Jardin Gilbert (LSU, $600,000, sim=0.20)","DaShawn Jones (Alabama, $400,000, sim=0.19)",350000.0
Omarion Robinson,Oklahoma,S,,495023.8007906209,comparative,124074.1171875,"Cam Calhoun (Alabama, $350,000, sim=0.28)","Jardin Gilbert (LSU, $600,000, sim=0.20)","DaShawn Jones (Alabama, $400,000, sim=0.19)",350000.0
Elijah Thomas,Oklahoma,WR,,667255.1064742932,comparative,39345.67578125,"Cole Adams (Alabama, $350,000, sim=0.30)","Jalen Brown (Arkansas, $400,000, sim=0.17)","Barion Brown (LSU, $900,000, sim=0.15)",1150000.0
Reggie Powers III,Oklahoma,S,,514795.01465726475,comparative,108034.25,"Keon Sabb (Alabama, $700,000, sim=0.30)","Domani Jackson (Alabama, $500,000, sim=0.26)","Cam Calhoun (Alabama, $350,000, sim=0.26)",350000.0
Michael Boganowski,Oklahoma,S,,510621.9298503624,comparative,91342.0625,"Domani Jackson (Alabama, $500,000, sim=0.26)","Keon Sabb (Alabama, $700,000, sim=0.26)","Cam Calhoun (Alabama, $350,000, sim=0.25)",350000.0
James Nesta,Oklahoma,MLB,,743469.7752737592,comparative,31003.021484375,"Nikhai Hill-Green (Alabama, $400,000, sim=0.14)","Harold Perkins Jr. (LSU, $1,600,000, sim=0.13)","Xavian Sorey Jr. (Arkansas, $500,000, sim=0.12)",1250000.0
Devon Jordan,Oklahoma,S,,503179.2166977315,comparative,103346.53125,"Cam Calhoun (Alabama, $350,000, sim=0.28)","Jardin Gilbert (LSU, $600,000, sim=0.26)","DaShawn Jones (Alabama, $400,000, sim=0.25)",350000.0
Kendel Dolby,Oklahoma,S,,508372.840854888,comparative,415851.75,"Jardin Gilbert (LSU, $600,000, sim=0.41)","DaShawn Jones (Alabama, $400,000, sim=0.37)","Domani Jackson (Alabama, $500,000, sim=0.34)",350000.0
Casen Calmus,Oklahoma,S,,495738.91446145857,comparative,170862.0,"Cam Calhoun (Alabama, $350,000, sim=0.30)","Jardin Gilbert (LSU, $600,000, sim=0.26)","DaShawn Jones (Alabama, $400,000, sim=0.24)",350000.0
Reed DeQuasie,Oklahoma,S,,495738.91446145857,comparative,170862.0,"Cam Calhoun (Alabama, $350,000, sim=0.30)","Jardin Gilbert (LSU, $600,000, sim=0.26)","DaShawn Jones (Alabama, $400,000, sim=0.24)",350000.0
Trey Brown,Oklahoma,WR,,677679.0671820261,comparative,55472.52734375,"Cole Adams (Alabama, $350,000, sim=0.27)","Jalen Brown (Arkansas, $400,000, sim=0.16)","Barion Brown (LSU, $900,000, sim=0.15)",1150000.0
Eli Merck,Oklahoma,WR,,677679.0671820261,comparative,55472.52734375,"Cole Adams (Alabama, $350,000, sim=0.27)","Jalen Brown (Arkansas, $400,000, sim=0.16)","Barion Brown (LSU, $900,000, sim=0.15)",1150000.0
Jer'Michael Carter,Oklahoma,WR,,663036.3723834847,comparative,176673.890625,"Cole Adams (Alabama, $350,000, sim=0.38)","Barion Brown (LSU, $900,000, sim=0.21)","Jalen Brown (Arkansas, $400,000, sim=0.19)",1150000.0
Marcus Wimberly,Oklahoma,S,,494501.0934611891,comparative,135342.828125,"Cam Calhoun (Alabama, $350,000, sim=0.28)","Jardin Gilbert (LSU, $600,000, sim=0.20)","DaShawn Jones (Alabama, $400,000, sim=0.19)",350000.0
Trynae Washington,Oklahoma,TE,,459540.2255887838,comparative,40912.40625,"Danny Lewis Jr. (Alabama, $400,000, sim=0.25)","Brody Dalton (Alabama, $300,000, sim=0.20)","Lawson Luckie (Georgia, $500,000, sim=0.20)",400000.0
Marcus James,Oklahoma,MLB,,743252.3974827989,comparative,41620.4375,"Nikhai Hill-Green (Alabama, $400,000, sim=0.14)","Harold Perkins Jr. (LSU, $1,600,000, sim=0.13)","Xavian Sorey Jr. (Arkansas, $500,000, sim=0.11)",1250000.0
Courtland Guillory,Oklahoma,S,,518729.5016943293,comparative,332281.34375,"Zabien Brown (Alabama, $300,000, sim=0.36)","KJ Bolden (Georgia, $900,000, sim=0.23)","Keon Sabb (Alabama, $700,000, sim=0.20)",600000.0
Jett Niu,Oklahoma,QB,,1310061.3132738369,comparative,569058.625,"Keelon Russell (Alabama, $800,000, sim=0.26)","Sam Horn (Missouri, $900,000, sim=0.21)","Jackson Arnold (Auburn, $500,000, sim=0.15)",2400000.0
Jacob Jordan,Oklahoma,WR,,640223.6057213536,comparative,588931.5625,"Cole Adams (Alabama, $350,000, sim=0.41)","Jalen Brown (Arkansas, $400,000, sim=0.19)","Barion Brown (LSU, $900,000, sim=0.17)",1150000.0
Whitt Newbauer,Oklahoma,QB,,1077558.1897005527,comparative,737594.8125,"Keelon Russell (Alabama, $800,000, sim=0.35)","Sam Horn (Missouri, $900,000, sim=0.22)","Garrett Nussmeier (LSU, $2,900,000, sim=0.18)",2500000.0
JaVonnie Gibson,Oklahoma,WR,,547679.8451123156,comparative,137985.796875,"Cole Adams (Alabama, $350,000, sim=0.20)","Barion Brown (LSU, $900,000, sim=0.18)","Jalen Brown (Arkansas, $400,000, sim=0.16)",550000.0
Preston Mickens,Oklahoma,S,,494501.0934611891,comparative,135342.828125,"Cam Calhoun (Alabama, $350,000, sim=0.28)","Jardin Gilbert (LSU, $600,000, sim=0.20)","DaShawn Jones (Alabama, $400,000, sim=0.19)",350000.0
Trystan Haynes,Oklahoma,S,,494712.26766325335,comparative,130216.984375,"Cam Calhoun (Alabama, $350,000, sim=0.28)","Jardin Gilbert (LSU, $600,000, sim=0.20)","DaShawn Jones (Alabama, $400,000, sim=0.19)",350000.0
Manny Choice,Oklahoma,WR,,681024.0881197676,comparative,44038.59375,"Cole Adams (Alabama, $350,000, sim=0.25)","Jalen Brown (Arkansas, $400,000, sim=0.16)","Barion Brown (LSU, $900,000, sim=0.14)",1150000.0
Elgee Webster,Oklahoma,MLB,,743252.3974827989,comparative,41620.4375,"Nikhai Hill-Green (Alabama, $400,000, sim=0.14)","Harold Perkins Jr. (LSU, $1,600,000, sim=0.13)","Xavian Sorey Jr. (Arkansas, $500,000, sim=0.11)",1250000.0
Barrett Travis,Oklahoma,MLB,,743252.3974827989,comparative,41620.4375,"Nikhai Hill-Green (Alabama, $400,000, sim=0.14)","Harold Perkins Jr. (LSU, $1,600,000, sim=0.13)","Xavian Sorey Jr. (Arkansas, $500,000, sim=0.11)",1250000.0
Isaiah Sategna III,Oklahoma,WR,,692064.4473801281,comparative,61146.46875,"Cole Adams (Alabama, $350,000, sim=0.21)","Jalen Brown (Arkansas, $400,000, sim=0.15)","Cam Coleman (Auburn, $1,500,000, sim=0.13)",1150000.0
Devin Price,Ole Miss,WR,,713250.4604827132,comparative,10359768.0,"Cole Adams (Alabama, $350,000, sim=0.17)","Jalen Brown (Arkansas, $400,000, sim=0.15)","Barion Brown (LSU, $900,000, sim=0.14)",1150000.0
Sage Ryan,Ole Miss,S,,500843.0900868054,comparative,422486.28125,"DaShawn Jones (Alabama, $400,000, sim=0.23)","Keon Sabb (Alabama, $700,000, sim=0.21)","Domani Jackson (Alabama, $500,000, sim=0.21)",400000.0
Shawqi Itraish,Ole Miss,QB,,1109621.2438820282,comparative,5998129.5,"Sam Horn (Missouri, $900,000, sim=0.35)","Garrett Nussmeier (LSU, $2,900,000, sim=0.16)","Keelon Russell (Alabama, $800,000, sim=0.16)",2500000.0
Andrew Jones,Ole Miss,MLB,,752652.6896149718,comparative,102362.4921875,"Nikhai Hill-Green (Alabama, $400,000, sim=0.17)","Harold Perkins Jr. (LSU, $1,600,000, sim=0.17)","Xavian Sorey Jr. (Arkansas, $500,000, sim=0.16)",1250000.0
Tahj Chambers,Ole Miss,MLB,,721849.4837372517,comparative,66611.9453125,"Nikhai Hill-Green (Alabama, $400,000, sim=0.20)","Xavian Sorey Jr. (Arkansas, $500,000, sim=0.17)","Deontae Lawson (Alabama, $800,000, sim=0.15)",1250000.0
Izaiah Hartrup,Ole Miss,WR,,707536.1605641897,comparative,329642.0625,"Cole Adams (Alabama, $350,000, sim=0.20)","Barion Brown (LSU, $900,000, sim=0.17)","Jalen Brown (Arkansas, $400,000, sim=0.17)",1150000.0
Harrison Wallace III,Ole Miss,WR,,1243014.5046926164,comparative,5080172.5,"Barion Brown (LSU, $900,000, sim=0.21)","Cam Coleman (Auburn, $1,500,000, sim=0.20)","Isaiah Horton (Alabama, $600,000, sim=0.18)",2700000.0
Trace Bruckler,Ole Miss,TE,,473504.6498913466,comparative,257820.546875,"Brody Dalton (Alabama, $300,000, sim=0.24)","Oscar Delp (Georgia, $700,000, sim=0.23)","Danny Lewis Jr. (Alabama, $400,000, sim=0.23)",400000.0
De'Zhaun Stribling,Ole Miss,WR,,1246243.6776520975,comparative,4387739.0,"Cam Coleman (Auburn, $1,500,000, sim=0.19)","Isaiah Horton (Alabama, $600,000, sim=0.19)","Barion Brown (LSU, $900,000, sim=0.19)",2700000.0
Tyler Banks,Ole Miss,MLB,,736323.8585359831,comparative,175468.421875,"Nikhai Hill-Green (Alabama, $400,000, sim=0.16)","Xavian Sorey Jr. (Arkansas, $500,000, sim=0.14)","Harold Perkins Jr. (LSU, $1,600,000, sim=0.14)",1250000.0
Dae'Quan Wright,Ole Miss,TE,,491756.42521322507,comparative,1036569.3125,"Lawson Luckie (Georgia, $500,000, sim=0.18)","Oscar Delp (Georgia, $700,000, sim=0.18)","Brody Dalton (Alabama, $300,000, sim=0.14)",400000.0
Luke Hasz,Ole Miss,TE,,467716.41159839055,comparative,133710.921875,"Danny Lewis Jr. (Alabama, $400,000, sim=0.25)","Brody Dalton (Alabama, $300,000, sim=0.24)","Lawson Luckie (Georgia, $500,000, sim=0.23)",400000.0
Cayden Lee,Ole Miss,WR,,797912.5383644968,comparative,1209386.75,"Barion Brown (LSU, $900,000, sim=0.23)","Cam Coleman (Auburn, $1,500,000, sim=0.22)","Isaiah Horton (Alabama, $600,000, sim=0.19)",1150000.0
Traylon Ray,Ole Miss,WR,,701427.3894731277,comparative,125977.90625,"Cole Adams (Alabama, $350,000, sim=0.20)","Jalen Brown (Arkansas, $400,000, sim=0.16)","Barion Brown (LSU, $900,000, sim=0.15)",1150000.0
Suntarine Perkins,Ole Miss,MLB,,773646.4583342208,comparative,20112010.0,"Harold Perkins Jr. (LSU, $1,600,000, sim=0.15)","Yhonzae Pierre (Alabama, $350,000, sim=0.13)","Deontae Lawson (Alabama, $800,000, sim=0.12)",1250000.0
Nick Cull,Ole Miss,S,,501102.2376154696,comparative,190118.28125,"DaShawn Jones (Alabama, $400,000, sim=0.24)","Keon Sabb (Alabama, $700,000, sim=0.22)","Domani Jackson (Alabama, $500,000, sim=0.22)",400000.0
Joshua Pfeifer,Ole Miss,WR,,710434.4084778058,comparative,377738.8125,"Cole Adams (Alabama, $350,000, sim=0.18)","Barion Brown (LSU, $900,000, sim=0.16)","Jalen Brown (Arkansas, $400,000, sim=0.15)",1150000.0
Trinidad Chambliss,Ole Miss,QB,,1484575.5874796063,comparative,8970934.0,"Gunner Stockton (Georgia, $1,500,000, sim=0.22)","John Mateer (Oklahoma, $700,000, sim=0.21)","Ty Simpson (Alabama, $400,000, sim=0.18)",4100000.0
TJ Banks,Ole Miss,S,,506901.7576848846,comparative,101987.4375,"Cam Calhoun (Alabama, $350,000, sim=0.22)","Jardin Gilbert (LSU, $600,000, sim=0.21)","DaShawn Jones (Alabama, $400,000, sim=0.20)",350000.0
Caleb Odom,Ole Miss,WR,,715865.3840239765,comparative,225468.921875,"Cole Adams (Alabama, $350,000, sim=0.24)","Jalen Brown (Arkansas, $400,000, sim=0.21)","Barion Brown (LSU, $900,000, sim=0.18)",1150000.0
George Hamsley,Ole Miss,QB,,1079323.0780423393,comparative,2545254.5,"Sam Horn (Missouri, $900,000, sim=0.42)","Keelon Russell (Alabama, $800,000, sim=0.18)","Garrett Nussmeier (LSU, $2,900,000, sim=0.16)",2500000.0
Mac Owen,Ole Miss,WR,,701385.8515292075,comparative,150637.3125,"Cole Adams (Alabama, $350,000, sim=0.20)","Jalen Brown (Arkansas, $400,000, sim=0.16)","Barion Brown (LSU, $900,000, sim=0.15)",1150000.0
AJ Maddox,Ole Miss,QB,,1161219.624019523,comparative,1709790.5,"Keelon Russell (Alabama, $800,000, sim=0.24)","Sam Horn (Missouri, $900,000, sim=0.18)","Jackson Arnold (Auburn, $500,000, sim=0.15)",2400000.0
Jaden Yates,Ole Miss,MLB,,734766.7125642227,comparative,21375.572265625,"Nikhai Hill-Green (Alabama, $400,000, sim=0.17)","Xavian Sorey Jr. (Arkansas, $500,000, sim=0.15)","Harold Perkins Jr. (LSU, $1,600,000, sim=0.15)",1250000.0
Maealiuaki Smith,Ole Miss,QB,,1144871.1780353833,comparative,1164308.75,"Sam Horn (Missouri, $900,000, sim=0.26)","Keelon Russell (Alabama, $800,000, sim=0.20)","Jackson Arnold (Auburn, $500,000, sim=0.14)",2400000.0
Wydett Williams Jr.,Ole Miss,S,,572844.4430882961,comparative,7199492.5,"KJ Bolden (Georgia, $900,000, sim=0.17)","Zabien Brown (Alabama, $300,000, sim=0.16)","Keon Sabb (Alabama, $700,000, sim=0.14)",600000.0
Andy Jaffe,Ole Miss,S,,495113.1063852494,comparative,178589.140625,"Cam Calhoun (Alabama, $350,000, sim=0.25)","Jardin Gilbert (LSU, $600,000, sim=0.19)","DaShawn Jones (Alabama, $400,000, sim=0.18)",350000.0
Raymond Collins,Ole Miss,MLB,,737231.0506154941,comparative,132827.734375,"Nikhai Hill-Green (Alabama, $400,000, sim=0.15)","Harold Perkins Jr. (LSU, $1,600,000, sim=0.13)","Xavian Sorey Jr. (Arkansas, $500,000, sim=0.13)",1250000.0
Dillon Alfred,Ole Miss,WR,,689848.9427148692,comparative,1511008.625,"Cole Adams (Alabama, $350,000, sim=0.21)","Jalen Brown (Arkansas, $400,000, sim=0.18)","Barion Brown (LSU, $900,000, sim=0.13)",1150000.0
Jarcoby Hopson,Ole Miss,MLB,,743004.326002511,comparative,57337.4140625,"Nikhai Hill-Green (Alabama, $400,000, sim=0.13)","Harold Perkins Jr. (LSU, $1,600,000, sim=0.12)","Xavian Sorey Jr. (Arkansas, $500,000, sim=0.12)",1250000.0
Cortez Thomas,Ole Miss,S,,501350.8500464607,comparative,131102.078125,"Cam Calhoun (Alabama, $350,000, sim=0.21)","Jardin Gilbert (LSU, $600,000, sim=0.18)","DaShawn Jones (Alabama, $400,000, sim=0.16)",350000.0
Austin Simmons,Ole Miss,QB,,1160822.1956503945,comparative,450794.59375,"Sam Horn (Missouri, $900,000, sim=0.23)","Keelon Russell (Alabama, $800,000, sim=0.21)","Garrett Nussmeier (LSU, $2,900,000, sim=0.19)",2400000.0
Winston Watkins,Ole Miss,WR,,734947.9202008164,comparative,420818.6875,"Cole Adams (Alabama, $350,000, sim=0.21)","Jalen Brown (Arkansas, $400,000, sim=0.20)","Cam Coleman (Auburn, $1,500,000, sim=0.18)",1150000.0
Anthony Robinson III,Ole Miss,S,,501409.0452643237,comparative,129376.734375,"Cam Calhoun (Alabama, $350,000, sim=0.21)","Jardin Gilbert (LSU, $600,000, sim=0.18)","DaShawn Jones (Alabama, $400,000, sim=0.16)",350000.0
Samari Reed,Ole Miss,WR,,696798.6787786577,comparative,90186.8359375,"Cole Adams (Alabama, $350,000, sim=0.20)","Jalen Brown (Arkansas, $400,000, sim=0.16)","Barion Brown (LSU, $900,000, sim=0.13)",1150000.0
Dylan Davis,Ole Miss,WR,,696044.0311065682,comparative,97228.9140625,"Cole Adams (Alabama, $350,000, sim=0.20)","Jalen Brown (Arkansas, $400,000, sim=0.17)","Barion Brown (LSU, $900,000, sim=0.14)",1150000.0
Wyatt Smalley,Ole Miss,TE,,462436.1196748868,comparative,53349.203125,"Danny Lewis Jr. (Alabama, $400,000, sim=0.22)","Brody Dalton (Alabama, $300,000, sim=0.20)","Lawson Luckie (Georgia, $500,000, sim=0.19)",400000.0
Mark Trigg Jr.,Ole Miss,MLB,,741069.1907331618,comparative,89518.109375,"Nikhai Hill-Green (Alabama, $400,000, sim=0.14)","Harold Perkins Jr. (LSU, $1,600,000, sim=0.13)","Xavian Sorey Jr. (Arkansas, $500,000, sim=0.12)",1250000.0
Deuce Alexander,Ole Miss,WR,,792856.3826632234,comparative,1230427.375,"Cam Coleman (Auburn, $1,500,000, sim=0.20)","Barion Brown (LSU, $900,000, sim=0.18)","Isaiah Horton (Alabama, $600,000, sim=0.16)",1150000.0
Kapena Gushiken,Ole Miss,S,,572982.2703441028,comparative,1219237.125,"KJ Bolden (Georgia, $900,000, sim=0.21)","Keon Sabb (Alabama, $700,000, sim=0.19)","Zabien Brown (Alabama, $300,000, sim=0.18)",600000.0
MJ Preston,Ole Miss,S,,501350.8500464607,comparative,131102.078125,"Cam Calhoun (Alabama, $350,000, sim=0.21)","Jardin Gilbert (LSU, $600,000, sim=0.18)","DaShawn Jones (Alabama, $400,000, sim=0.16)",350000.0
Keon Young,Ole Miss,S,,501350.8500464607,comparative,131102.078125,"Cam Calhoun (Alabama, $350,000, sim=0.21)","Jardin Gilbert (LSU, $600,000, sim=0.18)","DaShawn Jones (Alabama, $400,000, sim=0.16)",350000.0
Isreal Solomon,Ole Miss,S,,503405.65437270334,comparative,169179.59375,"Cam Calhoun (Alabama, $350,000, sim=0.22)","Jardin Gilbert (LSU, $600,000, sim=0.21)","DaShawn Jones (Alabama, $400,000, sim=0.19)",350000.0
Ladarian Clardy,Ole Miss,S,,502032.27676319564,comparative,112654.375,"Cam Calhoun (Alabama, $350,000, sim=0.21)","Jardin Gilbert (LSU, $600,000, sim=0.18)","DaShawn Jones (Alabama, $400,000, sim=0.17)",350000.0
Hayden Bradley,Ole Miss,TE,,464918.6273680122,comparative,51558.68359375,"Danny Lewis Jr. (Alabama, $400,000, sim=0.20)","Lawson Luckie (Georgia, $500,000, sim=0.17)","Brody Dalton (Alabama, $300,000, sim=0.17)",400000.0
Ciaran Pedulla,Ole Miss,WR,,696798.6787786577,comparative,90186.8359375,"Cole Adams (Alabama, $350,000, sim=0.20)","Jalen Brown (Arkansas, $400,000, sim=0.16)","Barion Brown (LSU, $900,000, sim=0.13)",1150000.0
Jack Harper,Ole Miss,TE,,464918.6273680122,comparative,51558.68359375,"Danny Lewis Jr. (Alabama, $400,000, sim=0.20)","Lawson Luckie (Georgia, $500,000, sim=0.17)","Brody Dalton (Alabama, $300,000, sim=0.17)",400000.0
Sean Judge,Ole Miss,TE,,464918.6273680122,comparative,51558.68359375,"Danny Lewis Jr. (Alabama, $400,000, sim=0.20)","Lawson Luckie (Georgia, $500,000, sim=0.17)","Brody Dalton (Alabama, $300,000, sim=0.17)",400000.0
Caleb Cunningham,Ole Miss,WR,,683203.4103993902,comparative,547622.1875,"Cole Adams (Alabama, $350,000, sim=0.23)","Jalen Brown (Arkansas, $400,000, sim=0.19)","Barion Brown (LSU, $900,000, sim=0.14)",1150000.0
TJ Dottery,Ole Miss,MLB,,730482.6662404509,comparative,43663.0078125,"Xavian Sorey Jr. (Arkansas, $500,000, sim=0.19)","Nikhai Hill-Green (Alabama, $400,000, sim=0.18)","Harold Perkins Jr. (LSU, $1,600,000, sim=0.16)",1250000.0
Bryson Walters,Ole Miss,MLB,,742997.0704703439,comparative,58970.6875,"Nikhai Hill-Green (Alabama, $400,000, sim=0.13)","Harold Perkins Jr. (LSU, $1,600,000, sim=0.12)","Xavian Sorey Jr. (Arkansas, $500,000, sim=0.12)",1250000.0
Cooper Cannon,Ole Miss,MLB,,742997.0704703439,comparative,58970.6875,"Nikhai Hill-Green (Alabama, $400,000, sim=0.13)","Harold Perkins Jr. (LSU, $1,600,000, sim=0.12)","Xavian Sorey Jr. (Arkansas, $500,000, sim=0.12)",1250000.0
Ford Beeker,Ole Miss,MLB,,742997.0704703439,comparative,58970.6875,"Nikhai Hill-Green (Alabama, $400,000, sim=0.13)","Harold Perkins Jr. (LSU, $1,600,000, sim=0.12)","Xavian Sorey Jr. (Arkansas, $500,000, sim=0.12)",1250000.0
Kegan Sherwood,Ole Miss,S,,501350.8500464607,comparative,131102.078125,"Cam Calhoun (Alabama, $350,000, sim=0.21)","Jardin Gilbert (LSU, $600,000, sim=0.18)","DaShawn Jones (Alabama, $400,000, sim=0.16)",350000.0
Levi Blount,Ole Miss,WR,,696798.6787786577,comparative,90186.8359375,"Cole Adams (Alabama, $350,000, sim=0.20)","Jalen Brown (Arkansas, $400,000, sim=0.16)","Barion Brown (LSU, $900,000, sim=0.13)",1150000.0
Anthony Aguirre,Ole Miss,WR,,701385.8515292075,comparative,150637.3125,"Cole Adams (Alabama, $350,000, sim=0.20)","Jalen Brown (Arkansas, $400,000, sim=0.16)","Barion Brown (LSU, $900,000, sim=0.15)",1150000.0
Luke Doty,South Carolina,WR,,713870.9530911832,comparative,113950.5859375,"Jalen Brown (Arkansas, $400,000, sim=0.17)","Cole Adams (Alabama, $350,000, sim=0.16)","Barion Brown (LSU, $900,000, sim=0.15)",1150000.0
Demon Clowney,South Carolina,MLB,,740090.8910828519,comparative,244678.0,"Xavian Sorey Jr. (Arkansas, $500,000, sim=0.17)","Nikhai Hill-Green (Alabama, $400,000, sim=0.16)","Harold Perkins Jr. (LSU, $1,600,000, sim=0.15)",1250000.0
Jordan Dingle,South Carolina,TE,,471082.7258135448,comparative,154045.265625,"Brody Dalton (Alabama, $300,000, sim=0.22)","Danny Lewis Jr. (Alabama, $400,000, sim=0.21)","Oscar Delp (Georgia, $700,000, sim=0.20)",400000.0
Brady Hunt,South Carolina,TE,,468549.87789763964,comparative,52021.58203125,"Brody Dalton (Alabama, $300,000, sim=0.22)","Danny Lewis Jr. (Alabama, $400,000, sim=0.21)","Oscar Delp (Georgia, $700,000, sim=0.20)",400000.0
Jatius Geer,South Carolina,MLB,,762269.6285805076,comparative,334215.5625,"Harold Perkins Jr. (LSU, $1,600,000, sim=0.18)","Nikhai Hill-Green (Alabama, $400,000, sim=0.17)","Xavian Sorey Jr. (Arkansas, $500,000, sim=0.17)",1250000.0
George Wilson Jr.,South Carolina,MLB,,735054.8669223983,comparative,558356.5,"Xavian Sorey Jr. (Arkansas, $500,000, sim=0.15)","Nikhai Hill-Green (Alabama, $400,000, sim=0.15)","Harold Perkins Jr. (LSU, $1,600,000, sim=0.13)",1250000.0
Shawn Murphy,South Carolina,MLB,,728835.4300549763,comparative,35488.44921875,"Xavian Sorey Jr. (Arkansas, $500,000, sim=0.23)","Nikhai Hill-Green (Alabama, $400,000, sim=0.19)","Harold Perkins Jr. (LSU, $1,600,000, sim=0.17)",1250000.0
Jaron Willis,South Carolina,MLB,,747006.4218018731,comparative,196626.046875,"Nikhai Hill-Green (Alabama, $400,000, sim=0.16)","Xavian Sorey Jr. (Arkansas, $500,000, sim=0.14)","Harold Perkins Jr. (LSU, $1,600,000, sim=0.14)",1250000.0
Buddy Mack III,South Carolina,S,,515665.5276558027,comparative,1108299.0,"Jardin Gilbert (LSU, $600,000, sim=0.32)","DaShawn Jones (Alabama, $400,000, sim=0.21)","Domani Jackson (Alabama, $500,000, sim=0.20)",350000.0
Jared Brown,South Carolina,WR,,701574.4723253594,comparative,578917.0,"Jalen Brown (Arkansas, $400,000, sim=0.25)","Barion Brown (LSU, $900,000, sim=0.20)","Cole Adams (Alabama, $350,000, sim=0.19)",1150000.0
Peyton Williams,South Carolina,S,,510028.0487750063,comparative,342328.9375,"Keon Sabb (Alabama, $700,000, sim=0.22)","Domani Jackson (Alabama, $500,000, sim=0.21)","Jardin Gilbert (LSU, $600,000, sim=0.20)",400000.0
Bryan Thomas Jr.,South Carolina,MLB,,778230.3673896017,comparative,12523132.0,"Harold Perkins Jr. (LSU, $1,600,000, sim=0.18)","Yhonzae Pierre (Alabama, $350,000, sim=0.16)","Xavian Sorey Jr. (Arkansas, $500,000, sim=0.13)",1250000.0
Nyck Harbor,South Carolina,WR,,814747.73905321,comparative,971796.1875,"Cam Coleman (Auburn, $1,500,000, sim=0.21)","Jalen Brown (Arkansas, $400,000, sim=0.18)","Isaiah Horton (Alabama, $600,000, sim=0.17)",1100000.0
Vandrevius Jacobs,South Carolina,WR,,799195.0602340526,comparative,1179568.875,"Cam Coleman (Auburn, $1,500,000, sim=0.27)","Jalen Brown (Arkansas, $400,000, sim=0.25)","Barion Brown (LSU, $900,000, sim=0.19)",1150000.0
LaNorris Sellers,South Carolina,QB,1000000.0,1000000.0,actual,1046715.6875,,,,0.0
Colin Bryant,South Carolina,MLB,,734119.6052458729,comparative,438122.59375,"Xavian Sorey Jr. (Arkansas, $500,000, sim=0.15)","Nikhai Hill-Green (Alabama, $400,000, sim=0.15)","Harold Perkins Jr. (LSU, $1,600,000, sim=0.13)",1250000.0
Eriq Rice,South Carolina,WR,,708275.1522745553,comparative,303824.6875,"Jalen Brown (Arkansas, $400,000, sim=0.19)","Cole Adams (Alabama, $350,000, sim=0.17)","Barion Brown (LSU, $900,000, sim=0.16)",1150000.0
Andrew Colasurdo,South Carolina,MLB,,734465.6997429018,comparative,478835.25,"Xavian Sorey Jr. (Arkansas, $500,000, sim=0.15)","Nikhai Hill-Green (Alabama, $400,000, sim=0.15)","Harold Perkins Jr. (LSU, $1,600,000, sim=0.13)",1250000.0
Desmond Umeozulu,South Carolina,MLB,,752875.0778375489,comparative,57382.10546875,"Xavian Sorey Jr. (Arkansas, $500,000, sim=0.18)","Harold Perkins Jr. (LSU, $1,600,000, sim=0.17)","Nikhai Hill-Green (Alabama, $400,000, sim=0.16)",1250000.0
Vicari Swain,South Carolina,S,,551074.4802072931,comparative,329231.4375,"Zabien Brown (Alabama, $300,000, sim=0.23)","Keon Sabb (Alabama, $700,000, sim=0.20)","KJ Bolden (Georgia, $900,000, sim=0.18)",600000.0
Zahbari Sandy,South Carolina,S,,506927.1030739492,comparative,318071.125,"Jardin Gilbert (LSU, $600,000, sim=0.23)","Cam Calhoun (Alabama, $350,000, sim=0.20)","DaShawn Jones (Alabama, $400,000, sim=0.18)",350000.0
Brandon Cisse,South Carolina,S,,496504.5975182124,comparative,588767.625,"Zabien Brown (Alabama, $300,000, sim=0.21)","Keon Sabb (Alabama, $700,000, sim=0.20)","DaShawn Jones (Alabama, $400,000, sim=0.19)",400000.0
Jalon Kilgore,South Carolina,S,,544473.2061267919,comparative,24451200.0,"KJ Bolden (Georgia, $900,000, sim=0.15)","Zabien Brown (Alabama, $300,000, sim=0.14)","Keon Sabb (Alabama, $700,000, sim=0.12)",600000.0
Judge Collier,South Carolina,S,,515854.5761195177,comparative,251239.265625,"Jardin Gilbert (LSU, $600,000, sim=0.25)","Domani Jackson (Alabama, $500,000, sim=0.22)","DaShawn Jones (Alabama, $400,000, sim=0.21)",350000.0
Mazeo Bennett Jr.,South Carolina,WR,,681341.0386247556,comparative,99193.1328125,"Jalen Brown (Arkansas, $400,000, sim=0.29)","Cole Adams (Alabama, $350,000, sim=0.22)","Barion Brown (LSU, $900,000, sim=0.17)",1150000.0
Air Noland,South Carolina,QB,,1159246.2050152102,comparative,1118660.875,"Keelon Russell (Alabama, $800,000, sim=0.23)","Sam Horn (Missouri, $900,000, sim=0.21)","Jackson Arnold (Auburn, $500,000, sim=0.16)",2400000.0
Michael Smith,South Carolina,TE,,463412.4226819795,comparative,67776.609375,"Danny Lewis Jr. (Alabama, $400,000, sim=0.22)","Brody Dalton (Alabama, $300,000, sim=0.20)","Lawson Luckie (Georgia, $500,000, sim=0.18)",400000.0
Jalewis Solomon,South Carolina,S,,504507.73343352915,comparative,236609.203125,"Cam Calhoun (Alabama, $350,000, sim=0.20)","Jardin Gilbert (LSU, $600,000, sim=0.19)","DaShawn Jones (Alabama, $400,000, sim=0.16)",350000.0
Dylan Stewart,South Carolina,MLB,,777508.2920736235,comparative,183396.71875,"Harold Perkins Jr. (LSU, $1,600,000, sim=0.22)","Xavian Sorey Jr. (Arkansas, $500,000, sim=0.19)","Yhonzae Pierre (Alabama, $350,000, sim=0.18)",1250000.0
DQ Smith,South Carolina,S,,606892.9451847089,comparative,645944.5,"Domani Jackson (Alabama, $500,000, sim=0.21)","Jardin Gilbert (LSU, $600,000, sim=0.19)","Keon Sabb (Alabama, $700,000, sim=0.19)",500000.0
Myles Norwood,South Carolina,S,,516977.5545560268,comparative,613672.9375,"Jardin Gilbert (LSU, $600,000, sim=0.31)","Domani Jackson (Alabama, $500,000, sim=0.22)","DaShawn Jones (Alabama, $400,000, sim=0.22)",350000.0
Gerald Kilgore,South Carolina,S,,513413.8158867917,comparative,295944.3125,"Jardin Gilbert (LSU, $600,000, sim=0.28)","DaShawn Jones (Alabama, $400,000, sim=0.22)","Domani Jackson (Alabama, $500,000, sim=0.21)",350000.0
Kelvin Hunter,South Carolina,S,,505052.5572037238,comparative,216451.15625,"Cam Calhoun (Alabama, $350,000, sim=0.20)","Jardin Gilbert (LSU, $600,000, sim=0.19)","DaShawn Jones (Alabama, $400,000, sim=0.16)",350000.0
Justin Okoronkwo,South Carolina,MLB,,737681.6713495946,comparative,24195.73828125,"Xavian Sorey Jr. (Arkansas, $500,000, sim=0.21)","Nikhai Hill-Green (Alabama, $400,000, sim=0.17)","Harold Perkins Jr. (LSU, $1,600,000, sim=0.17)",1250000.0
Kendall Daniels Jr.,South Carolina,S,,504174.6783741909,comparative,254878.8125,"Cam Calhoun (Alabama, $350,000, sim=0.20)","Jardin Gilbert (LSU, $600,000, sim=0.19)","DaShawn Jones (Alabama, $400,000, sim=0.16)",350000.0
David Bucey,South Carolina,S,,508985.82286984107,comparative,214782.6875,"Jardin Gilbert (LSU, $600,000, sim=0.24)","Cam Calhoun (Alabama, $350,000, sim=0.20)","DaShawn Jones (Alabama, $400,000, sim=0.19)",350000.0
Fred Johnson,South Carolina,MLB,,773089.5437039855,comparative,157516.5,"Harold Perkins Jr. (LSU, $1,600,000, sim=0.21)","Xavian Sorey Jr. (Arkansas, $500,000, sim=0.21)","Nikhai Hill-Green (Alabama, $400,000, sim=0.19)",1250000.0
Jamian Risher Jr.,South Carolina,MLB,,738485.1323009428,comparative,179147.8125,"Xavian Sorey Jr. (Arkansas, $500,000, sim=0.15)","Nikhai Hill-Green (Alabama, $400,000, sim=0.15)","Harold Perkins Jr. (LSU, $1,600,000, sim=0.13)",1250000.0
Maurice Brown II,South Carolina,TE,,465168.2495941265,comparative,70463.4609375,"Danny Lewis Jr. (Alabama, $400,000, sim=0.21)","Brody Dalton (Alabama, $300,000, sim=0.20)","Lawson Luckie (Georgia, $500,000, sim=0.17)",400000.0
Lukas Vozeh,South Carolina,TE,,460254.7471477865,comparative,32859.5859375,"Danny Lewis Jr. (Alabama, $400,000, sim=0.21)","Brody Dalton (Alabama, $300,000, sim=0.19)","Lawson Luckie (Georgia, $500,000, sim=0.17)",400000.0
Cutter Woods,South Carolina,QB,,1163481.9876161688,comparative,901657.6875,"Keelon Russell (Alabama, $800,000, sim=0.23)","Sam Horn (Missouri, $900,000, sim=0.20)","Jackson Arnold (Auburn, $500,000, sim=0.17)",2400000.0
Kobby Sakyi-Prah,South Carolina,MLB,,744618.8664751891,comparative,78659.375,"Xavian Sorey Jr. (Arkansas, $500,000, sim=0.13)","Nikhai Hill-Green (Alabama, $400,000, sim=0.13)","Harold Perkins Jr. (LSU, $1,600,000, sim=0.13)",1250000.0
Lex Cyrus,South Carolina,WR,,691887.263401252,comparative,92102.90625,"Jalen Brown (Arkansas, $400,000, sim=0.21)","Cole Adams (Alabama, $350,000, sim=0.19)","Barion Brown (LSU, $900,000, sim=0.14)",1150000.0
Jayden Sellers,South Carolina,WR,,727257.6710809402,comparative,595188.8125,"Jalen Brown (Arkansas, $400,000, sim=0.28)","Cam Coleman (Auburn, $1,500,000, sim=0.19)","Cole Adams (Alabama, $350,000, sim=0.18)",1150000.0
AJ Holloway,South Carolina,MLB,,744618.8664751891,comparative,78659.375,"Xavian Sorey Jr. (Arkansas, $500,000, sim=0.13)","Nikhai Hill-Green (Alabama, $400,000, sim=0.13)","Harold Perkins Jr. (LSU, $1,600,000, sim=0.13)",1250000.0
Donovan Murph,South Carolina,WR,,678043.6439752692,comparative,251865.890625,"Jalen Brown (Arkansas, $400,000, sim=0.38)","Cole Adams (Alabama, $350,000, sim=0.22)","Cam Coleman (Auburn, $1,500,000, sim=0.18)",1150000.0
Malik Clark,South Carolina,WR,,675178.7010364304,comparative,139942.796875,"Jalen Brown (Arkansas, $400,000, sim=0.26)","Cole Adams (Alabama, $350,000, sim=0.21)","Cam Coleman (Auburn, $1,500,000, sim=0.14)",1150000.0
Jaquavious Dodd,South Carolina,MLB,,746881.2612984498,comparative,54909.12890625,"Xavian Sorey Jr. (Arkansas, $500,000, sim=0.13)","Harold Perkins Jr. (LSU, $1,600,000, sim=0.13)","Nikhai Hill-Green (Alabama, $400,000, sim=0.13)",1250000.0
Jordon Gidron,South Carolina,WR,,691887.263401252,comparative,92102.90625,"Jalen Brown (Arkansas, $400,000, sim=0.21)","Cole Adams (Alabama, $350,000, sim=0.19)","Barion Brown (LSU, $900,000, sim=0.14)",1150000.0
Brian Rowe Jr.,South Carolina,WR,,721384.508444541,comparative,102828.3203125,"Jalen Brown (Arkansas, $400,000, sim=0.20)","Cole Adams (Alabama, $350,000, sim=0.16)","Cam Coleman (Auburn, $1,500,000, sim=0.15)",1150000.0
Damarcus Leach,South Carolina,S,,504862.17105722416,comparative,220672.296875,"Cam Calhoun (Alabama, $350,000, sim=0.20)","Jardin Gilbert (LSU, $600,000, sim=0.19)","DaShawn Jones (Alabama, $400,000, sim=0.16)",350000.0
Anthony Addison,South Carolina,MLB,,744551.6160273682,comparative,72871.140625,"Xavian Sorey Jr. (Arkansas, $500,000, sim=0.13)","Nikhai Hill-Green (Alabama, $400,000, sim=0.13)","Harold Perkins Jr. (LSU, $1,600,000, sim=0.13)",1250000.0
Josh Smith,South Carolina,MLB,,744618.8664751891,comparative,78659.375,"Xavian Sorey Jr. (Arkansas, $500,000, sim=0.13)","Nikhai Hill-Green (Alabama, $400,000, sim=0.13)","Harold Perkins Jr. (LSU, $1,600,000, sim=0.13)",1250000.0
Mike Tyler,South Carolina,TE,,466203.2367726129,comparative,87201.390625,"Danny Lewis Jr. (Alabama, $400,000, sim=0.19)","Lawson Luckie (Georgia, $500,000, sim=0.17)","Brody Dalton (Alabama, $300,000, sim=0.17)",400000.0
Taeshawn Alston,South Carolina,MLB,,744618.8664751891,comparative,78659.375,"Xavian Sorey Jr. (Arkansas, $500,000, sim=0.13)","Nikhai Hill-Green (Alabama, $400,000, sim=0.13)","Harold Perkins Jr. (LSU, $1,600,000, sim=0.13)",1250000.0
Chris Hatfield,South Carolina,S,,504174.6783741909,comparative,254878.8125,"Cam Calhoun (Alabama, $350,000, sim=0.20)","Jardin Gilbert (LSU, $600,000, sim=0.19)","DaShawn Jones (Alabama, $400,000, sim=0.16)",350000.0
Jaquel Holman,South Carolina,S,,504571.5989938332,comparative,236761.796875,"Cam Calhoun (Alabama, $350,000, sim=0.20)","Jardin Gilbert (LSU, $600,000, sim=0.19)","DaShawn Jones (Alabama, $400,000, sim=0.16)",350000.0
Donovan Darden,South Carolina,MLB,,744551.6160273682,comparative,72871.140625,"Xavian Sorey Jr. (Arkansas, $500,000, sim=0.13)","Nikhai Hill-Green (Alabama, $400,000, sim=0.13)","Harold Perkins Jr. (LSU, $1,600,000, sim=0.13)",1250000.0
Jimmy Francis,South Carolina,QB,,1151295.1549300486,comparative,1202258.125,"Sam Horn (Missouri, $900,000, sim=0.25)","Keelon Russell (Alabama, $800,000, sim=0.19)","Jackson Arnold (Auburn, $500,000, sim=0.15)",2400000.0
Isaiah McClary,South Carolina,S,,504174.6783741909,comparative,254878.8125,"Cam Calhoun (Alabama, $350,000, sim=0.20)","Jardin Gilbert (LSU, $600,000, sim=0.19)","DaShawn Jones (Alabama, $400,000, sim=0.16)",350000.0
Jackson Burger,South Carolina,S,,504174.6783741909,comparative,254878.8125,"Cam Calhoun (Alabama, $350,000, sim=0.20)","Jardin Gilbert (LSU, $600,000, sim=0.19)","DaShawn Jones (Alabama, $400,000, sim=0.16)",350000.0
Landon Kurtz,South Carolina,S,,504174.6783741909,comparative,254878.8125,"Cam Calhoun (Alabama, $350,000, sim=0.20)","Jardin Gilbert (LSU, $600,000, sim=0.19)","DaShawn Jones (Alabama, $400,000, sim=0.16)",350000.0
Emazon Littlejohn,South Carolina,WR,,691887.263401252,comparative,92102.90625,"Jalen Brown (Arkansas, $400,000, sim=0.21)","Cole Adams (Alabama, $350,000, sim=0.19)","Barion Brown (LSU, $900,000, sim=0.14)",1150000.0
Cedric Cisse,South Carolina,S,,504174.6783741909,comparative,254878.8125,"Cam Calhoun (Alabama, $350,000, sim=0.20)","Jardin Gilbert (LSU, $600,000, sim=0.19)","DaShawn Jones (Alabama, $400,000, sim=0.16)",350000.0
Tony Brown,South Carolina,S,,504174.6783741909,comparative,254878.8125,"Cam Calhoun (Alabama, $350,000, sim=0.20)","Jardin Gilbert (LSU, $600,000, sim=0.19)","DaShawn Jones (Alabama, $400,000, sim=0.16)",350000.0
Reno Roehm,South Carolina,TE,,462940.60571097047,comparative,30132.09375,"Danny Lewis Jr. (Alabama, $400,000, sim=0.19)","Brody Dalton (Alabama, $300,000, sim=0.16)","Lawson Luckie (Georgia, $500,000, sim=0.16)",400000.0
Jackson Repp,South Carolina,WR,,691887.263401252,comparative,92102.90625,"Jalen Brown (Arkansas, $400,000, sim=0.21)","Cole Adams (Alabama, $350,000, sim=0.19)","Barion Brown (LSU, $900,000, sim=0.14)",1150000.0
Andre Turrentine,Tennessee,S,,591911.5328100731,comparative,360007.3125,"Domani Jackson (Alabama, $500,000, sim=0.37)","Keon Sabb (Alabama, $700,000, sim=0.27)","DaShawn Jones (Alabama, $400,000, sim=0.27)",500000.0
Jalen McMurray,Tennessee,S,,562821.7501641639,comparative,1496962.5,"Keon Sabb (Alabama, $700,000, sim=0.28)","Zabien Brown (Alabama, $300,000, sim=0.22)","Domani Jackson (Alabama, $500,000, sim=0.20)",600000.0
Andre Stewart,Tennessee,S,,507100.04422170774,comparative,318536.78125,"Jardin Gilbert (LSU, $600,000, sim=0.39)","DaShawn Jones (Alabama, $400,000, sim=0.29)","Cam Calhoun (Alabama, $350,000, sim=0.27)",350000.0
William Wright,Tennessee,S,,511250.6259811093,comparative,445203.71875,"Jardin Gilbert (LSU, $600,000, sim=0.48)","DaShawn Jones (Alabama, $400,000, sim=0.41)","Domani Jackson (Alabama, $500,000, sim=0.34)",350000.0
Ethan Davis,Tennessee,TE,,479300.4543632893,comparative,117909.3671875,"Lawson Luckie (Georgia, $500,000, sim=0.30)","Danny Lewis Jr. (Alabama, $400,000, sim=0.25)","Oscar Delp (Georgia, $700,000, sim=0.24)",400000.0
Montrell Bandy,Tennessee,S,,516576.8924501782,comparative,693886.1875,"Jardin Gilbert (LSU, $600,000, sim=0.52)","DaShawn Jones (Alabama, $400,000, sim=0.32)","Domani Jackson (Alabama, $500,000, sim=0.27)",350000.0
Colton Hood,Tennessee,S,,551507.2961760857,comparative,1844716.0,"Zabien Brown (Alabama, $300,000, sim=0.25)","KJ Bolden (Georgia, $900,000, sim=0.25)","Keon Sabb (Alabama, $700,000, sim=0.17)",600000.0
Jeremiah Telander,Tennessee,MLB,,745695.3527019469,comparative,27579.439453125,"Nikhai Hill-Green (Alabama, $400,000, sim=0.21)","Xavian Sorey Jr. (Arkansas, $500,000, sim=0.20)","Harold Perkins Jr. (LSU, $1,600,000, sim=0.20)",1250000.0
Rickey Gibson III,Tennessee,S,,507400.657790799,comparative,303032.375,"Jardin Gilbert (LSU, $600,000, sim=0.39)","DaShawn Jones (Alabama, $400,000, sim=0.29)","Cam Calhoun (Alabama, $350,000, sim=0.27)",350000.0
Kaleb Beasley,Tennessee,S,,485482.72363079566,comparative,235409.09375,"Cam Calhoun (Alabama, $350,000, sim=0.40)","Jardin Gilbert (LSU, $600,000, sim=0.23)","DaShawn Jones (Alabama, $400,000, sim=0.22)",350000.0
Boo Carter,Tennessee,S,,461399.3859867143,comparative,204517.46875,"Keon Sabb (Alabama, $700,000, sim=0.30)","Zabien Brown (Alabama, $300,000, sim=0.25)","DaShawn Jones (Alabama, $400,000, sim=0.23)",400000.0
Amari Jefferson,Tennessee,WR,,683118.1714770163,comparative,42743.96875,"Cole Adams (Alabama, $350,000, sim=0.24)","Jalen Brown (Arkansas, $400,000, sim=0.18)","Barion Brown (LSU, $900,000, sim=0.14)",1150000.0
Jake Merklinger,Tennessee,QB,,1277751.451182046,comparative,481381.0,"Keelon Russell (Alabama, $800,000, sim=0.38)","Sam Horn (Missouri, $900,000, sim=0.20)","Jackson Arnold (Auburn, $500,000, sim=0.17)",2400000.0
Mike Matthews,Tennessee,WR,,913172.0857944269,comparative,1508906.25,"Cam Coleman (Auburn, $1,500,000, sim=0.39)","Isaiah Horton (Alabama, $600,000, sim=0.23)","Barion Brown (LSU, $900,000, sim=0.22)",1100000.0
Edwin Spillman,Tennessee,MLB,,761775.5369067783,comparative,13889.1025390625,"Harold Perkins Jr. (LSU, $1,600,000, sim=0.19)","Nikhai Hill-Green (Alabama, $400,000, sim=0.17)","Xavian Sorey Jr. (Arkansas, $500,000, sim=0.17)",1250000.0
Ben Bolton,Tennessee,MLB,,744629.4209372167,comparative,45546.45703125,"Nikhai Hill-Green (Alabama, $400,000, sim=0.18)","Harold Perkins Jr. (LSU, $1,600,000, sim=0.16)","Xavian Sorey Jr. (Arkansas, $500,000, sim=0.14)",1250000.0
Jourdan Thomas,Tennessee,S,,507100.04422170774,comparative,318536.78125,"Jardin Gilbert (LSU, $600,000, sim=0.39)","DaShawn Jones (Alabama, $400,000, sim=0.29)","Cam Calhoun (Alabama, $350,000, sim=0.27)",350000.0
Arion Carter,Tennessee,MLB,,767626.1611912708,comparative,99398.53125,"Nikhai Hill-Green (Alabama, $400,000, sim=0.28)","Harold Perkins Jr. (LSU, $1,600,000, sim=0.24)","Deontae Lawson (Alabama, $800,000, sim=0.21)",1250000.0
Tommy Winton III,Tennessee,WR,,668271.5167562561,comparative,126845.796875,"Cole Adams (Alabama, $350,000, sim=0.32)","Jalen Brown (Arkansas, $400,000, sim=0.21)","Barion Brown (LSU, $900,000, sim=0.19)",1150000.0
Miles Kitselman,Tennessee,TE,,479368.62455337355,comparative,91807.546875,"Oscar Delp (Georgia, $700,000, sim=0.31)","Lawson Luckie (Georgia, $500,000, sim=0.30)","Brody Dalton (Alabama, $300,000, sim=0.29)",400000.0
Chris Brazzell II,Tennessee,WR,,1244390.6867975185,comparative,9703261.0,"Cam Coleman (Auburn, $1,500,000, sim=0.23)","Isaiah Horton (Alabama, $600,000, sim=0.22)","Germie Bernard (Alabama, $500,000, sim=0.18)",2700000.0
Edrees Farooq,Tennessee,S,,584795.0758758278,comparative,438443.59375,"KJ Bolden (Georgia, $900,000, sim=0.30)","Keon Sabb (Alabama, $700,000, sim=0.23)","Zabien Brown (Alabama, $300,000, sim=0.21)",600000.0
Carson Whitehead,Tennessee,WR,,689143.3641917363,comparative,91418.4921875,"Cole Adams (Alabama, $350,000, sim=0.24)","Jalen Brown (Arkansas, $400,000, sim=0.18)","Barion Brown (LSU, $900,000, sim=0.17)",1150000.0
Trey Weary,Tennessee,WR,,674354.3312200152,comparative,110449.296875,"Cole Adams (Alabama, $350,000, sim=0.29)","Jalen Brown (Arkansas, $400,000, sim=0.19)","Barion Brown (LSU, $900,000, sim=0.18)",1150000.0
Marcus Goree Jr.,Tennessee,S,,496886.88382016635,comparative,138865.140625,"Cam Calhoun (Alabama, $350,000, sim=0.27)","Jardin Gilbert (LSU, $600,000, sim=0.21)","DaShawn Jones (Alabama, $400,000, sim=0.19)",350000.0
Braylon Staley,Tennessee,WR,,1329725.6657489226,comparative,3355013.5,"Cam Coleman (Auburn, $1,500,000, sim=0.30)","Isaiah Horton (Alabama, $600,000, sim=0.20)","Barion Brown (LSU, $900,000, sim=0.16)",2700000.0
Dasaahn Brame,Tennessee,TE,,464672.97963551123,comparative,70177.8359375,"Danny Lewis Jr. (Alabama, $400,000, sim=0.26)","Lawson Luckie (Georgia, $500,000, sim=0.21)","Brody Dalton (Alabama, $300,000, sim=0.20)",400000.0
Jaedon Harmon,Tennessee,MLB,,748071.6995338906,comparative,11138.3828125,"Nikhai Hill-Green (Alabama, $400,000, sim=0.16)","Harold Perkins Jr. (LSU, $1,600,000, sim=0.15)","Xavian Sorey Jr. (Arkansas, $500,000, sim=0.13)",1250000.0
George MacIntyre,Tennessee,QB,,1271297.1324409377,comparative,700428.375,"Keelon Russell (Alabama, $800,000, sim=0.40)","Sam Horn (Missouri, $900,000, sim=0.19)","Jackson Arnold (Auburn, $500,000, sim=0.16)",2400000.0
Jadon Perlotte,Tennessee,MLB,,765217.7071671679,comparative,104820.0546875,"Nikhai Hill-Green (Alabama, $400,000, sim=0.15)","Harold Perkins Jr. (LSU, $1,600,000, sim=0.15)","Deontae Lawson (Alabama, $800,000, sim=0.14)",1250000.0
Tre Poteat,Tennessee,S,,462334.01645299804,comparative,123492.7265625,"Cam Calhoun (Alabama, $350,000, sim=0.26)","Zabien Brown (Alabama, $300,000, sim=0.21)","Keon Sabb (Alabama, $700,000, sim=0.20)",400000.0
Ty Redmond,Tennessee,S,,529282.9515819717,comparative,2628665.25,"Zabien Brown (Alabama, $300,000, sim=0.20)","KJ Bolden (Georgia, $900,000, sim=0.16)","Keon Sabb (Alabama, $700,000, sim=0.13)",600000.0
Jack Van Dorselaer,Tennessee,TE,,462036.6698325962,comparative,42361.60546875,"Danny Lewis Jr. (Alabama, $400,000, sim=0.26)","Lawson Luckie (Georgia, $500,000, sim=0.21)","Brody Dalton (Alabama, $300,000, sim=0.20)",400000.0
Jordan Burns,Tennessee,MLB,,744366.8673520603,comparative,28466.771484375,"Nikhai Hill-Green (Alabama, $400,000, sim=0.14)","Harold Perkins Jr. (LSU, $1,600,000, sim=0.13)","Xavian Sorey Jr. (Arkansas, $500,000, sim=0.12)",1250000.0
Joey Aguilar,Tennessee,QB,,1245348.0851239634,comparative,3122314.25,"Ty Simpson (Alabama, $400,000, sim=0.30)","Garrett Nussmeier (LSU, $2,900,000, sim=0.25)","John Mateer (Oklahoma, $700,000, sim=0.24)",2500000.0
Jermod McCoy,Tennessee,S,,507100.04422170774,comparative,318536.78125,"Jardin Gilbert (LSU, $600,000, sim=0.39)","DaShawn Jones (Alabama, $400,000, sim=0.29)","Cam Calhoun (Alabama, $350,000, sim=0.27)",350000.0
Nathan Roberts,Tennessee,WR,,680490.3681295706,comparative,45424.4296875,"Cole Adams (Alabama, $350,000, sim=0.26)","Jalen Brown (Arkansas, $400,000, sim=0.18)","Barion Brown (LSU, $900,000, sim=0.16)",1150000.0
Joakim Dodson,Tennessee,WR,,654675.4011654602,comparative,345571.375,"Cole Adams (Alabama, $350,000, sim=0.34)","Jalen Brown (Arkansas, $400,000, sim=0.22)","Barion Brown (LSU, $900,000, sim=0.15)",1150000.0
Timothy Merritt,Tennessee,S,,497270.52733372955,comparative,131019.953125,"Cam Calhoun (Alabama, $350,000, sim=0.27)","Jardin Gilbert (LSU, $600,000, sim=0.21)","DaShawn Jones (Alabama, $400,000, sim=0.19)",350000.0
Dylan Lewis,Tennessee,S,,496745.4419299279,comparative,142728.25,"Cam Calhoun (Alabama, $350,000, sim=0.27)","Jardin Gilbert (LSU, $600,000, sim=0.21)","DaShawn Jones (Alabama, $400,000, sim=0.19)",350000.0
Travis Smith Jr.,Tennessee,WR,,657822.7643107768,comparative,101428.1484375,"Cole Adams (Alabama, $350,000, sim=0.33)","Jalen Brown (Arkansas, $400,000, sim=0.21)","Barion Brown (LSU, $900,000, sim=0.15)",1150000.0
Jack-Henry Jakobik,Tennessee,WR,,680467.3926752174,comparative,48814.8203125,"Cole Adams (Alabama, $350,000, sim=0.26)","Jalen Brown (Arkansas, $400,000, sim=0.18)","Barion Brown (LSU, $900,000, sim=0.16)",1150000.0
Cole Harrison,Tennessee,TE,,465936.09614794917,comparative,156833.578125,"Danny Lewis Jr. (Alabama, $400,000, sim=0.25)","Lawson Luckie (Georgia, $500,000, sim=0.20)","Brody Dalton (Alabama, $300,000, sim=0.19)",400000.0
Radarious Jackson,Tennessee,WR,,663271.8677151423,comparative,99867.921875,"Cole Adams (Alabama, $350,000, sim=0.34)","Jalen Brown (Arkansas, $400,000, sim=0.22)","Barion Brown (LSU, $900,000, sim=0.16)",1150000.0
Brenden Anes,Tennessee,MLB,,744429.7554377137,comparative,31737.8984375,"Nikhai Hill-Green (Alabama, $400,000, sim=0.14)","Harold Perkins Jr. (LSU, $1,600,000, sim=0.13)","Xavian Sorey Jr. (Arkansas, $500,000, sim=0.12)",1250000.0
Sidney Walton,Tennessee,S,,498086.69580300816,comparative,117802.8125,"Cam Calhoun (Alabama, $350,000, sim=0.27)","Jardin Gilbert (LSU, $600,000, sim=0.21)","DaShawn Jones (Alabama, $400,000, sim=0.19)",350000.0
Malcolm Kinzer,Tennessee,WR,,683118.1714770163,comparative,42743.96875,"Cole Adams (Alabama, $350,000, sim=0.24)","Jalen Brown (Arkansas, $400,000, sim=0.18)","Barion Brown (LSU, $900,000, sim=0.14)",1150000.0
Colin Brazzell,Tennessee,S,,496678.6215248549,comparative,144196.84375,"Cam Calhoun (Alabama, $350,000, sim=0.27)","Jardin Gilbert (LSU, $600,000, sim=0.21)","DaShawn Jones (Alabama, $400,000, sim=0.19)",350000.0
Jackson Mathews,Tennessee,S,,496678.6215248549,comparative,144196.84375,"Cam Calhoun (Alabama, $350,000, sim=0.27)","Jardin Gilbert (LSU, $600,000, sim=0.21)","DaShawn Jones (Alabama, $400,000, sim=0.19)",350000.0
Steele Katina,Tennessee,S,,496678.6215248549,comparative,144196.84375,"Cam Calhoun (Alabama, $350,000, sim=0.27)","Jardin Gilbert (LSU, $600,000, sim=0.21)","DaShawn Jones (Alabama, $400,000, sim=0.19)",350000.0
Ryan Scott,Tennessee,MLB,,744403.5711094546,comparative,34097.1171875,"Nikhai Hill-Green (Alabama, $400,000, sim=0.14)","Harold Perkins Jr. (LSU, $1,600,000, sim=0.13)","Xavian Sorey Jr. (Arkansas, $500,000, sim=0.12)",1250000.0
Grier Short,Tennessee,MLB,,744534.704122426,comparative,39000.62890625,"Nikhai Hill-Green (Alabama, $400,000, sim=0.14)","Harold Perkins Jr. (LSU, $1,600,000, sim=0.13)","Xavian Sorey Jr. (Arkansas, $500,000, sim=0.12)",1250000.0
Braylon Harmon,Tennessee,WR,,705151.4445347064,comparative,11582976.0,"Cole Adams (Alabama, $350,000, sim=0.18)","Jalen Brown (Arkansas, $400,000, sim=0.16)","Cam Coleman (Auburn, $1,500,000, sim=0.13)",1150000.0
Mason Phillips,Tennessee,QB,,1311036.3730111162,comparative,539616.0625,"Keelon Russell (Alabama, $800,000, sim=0.25)","Sam Horn (Missouri, $900,000, sim=0.23)","Jackson Arnold (Auburn, $500,000, sim=0.15)",2400000.0
Ben Petermann,Tennessee,WR,,683118.1714770163,comparative,42743.96875,"Cole Adams (Alabama, $350,000, sim=0.24)","Jalen Brown (Arkansas, $400,000, sim=0.18)","Barion Brown (LSU, $900,000, sim=0.14)",1150000.0
Seamus Meagher,Tennessee,TE,,442452.03794310254,comparative,74171.1328125,"Brody Dalton (Alabama, $300,000, sim=0.37)","Danny Lewis Jr. (Alabama, $400,000, sim=0.31)","Lawson Luckie (Georgia, $500,000, sim=0.21)",400000.0
Deon Hardin,Tennessee,WR,,689143.3641917363,comparative,91418.4921875,"Cole Adams (Alabama, $350,000, sim=0.24)","Jalen Brown (Arkansas, $400,000, sim=0.18)","Barion Brown (LSU, $900,000, sim=0.17)",1150000.0
Jaylon Guilbeau,Texas,S,,501630.74236181914,comparative,799176.375,"DaShawn Jones (Alabama, $400,000, sim=0.37)","Domani Jackson (Alabama, $500,000, sim=0.36)","Keon Sabb (Alabama, $700,000, sim=0.31)",400000.0
Anthony Hill Jr.,Texas,MLB,,803174.035442828,comparative,327713.71875,"Harold Perkins Jr. (LSU, $1,600,000, sim=0.27)","Nikhai Hill-Green (Alabama, $400,000, sim=0.22)","Deontae Lawson (Alabama, $800,000, sim=0.19)",1250000.0
DeAndre Moore Jr.,Texas,WR,,779044.877130219,comparative,627299.0,"Isaiah Horton (Alabama, $600,000, sim=0.30)","Barion Brown (LSU, $900,000, sim=0.24)","Cam Coleman (Auburn, $1,500,000, sim=0.23)",1150000.0
Liona Lefau,Texas,MLB,,713052.813914094,comparative,95452.765625,"Nikhai Hill-Green (Alabama, $400,000, sim=0.30)","Deontae Lawson (Alabama, $800,000, sim=0.23)","Harold Perkins Jr. (LSU, $1,600,000, sim=0.16)",1250000.0
Arch Manning,Texas,QB,4500000.0,4500000.0,actual,1144684.75,,,,0.0
Malik Muhammad,Texas,S,,552191.352500967,comparative,530848.5,"Keon Sabb (Alabama, $700,000, sim=0.38)","Zabien Brown (Alabama, $300,000, sim=0.30)","DaShawn Jones (Alabama, $400,000, sim=0.28)",600000.0
Will Randle,Texas,TE,,452860.51327383553,comparative,68192.140625,"Danny Lewis Jr. (Alabama, $400,000, sim=0.32)","Brody Dalton (Alabama, $300,000, sim=0.25)","Lawson Luckie (Georgia, $500,000, sim=0.21)",400000.0
Derek Williams Jr.,Texas,S,,499816.2154497034,comparative,182077.3125,"Cam Calhoun (Alabama, $350,000, sim=0.28)","DaShawn Jones (Alabama, $400,000, sim=0.25)","Domani Jackson (Alabama, $500,000, sim=0.24)",350000.0
Matthew Caldwell,Texas,QB,,1174858.9229712547,comparative,2764937.75,"Keelon Russell (Alabama, $800,000, sim=0.20)","Garrett Nussmeier (LSU, $2,900,000, sim=0.19)","Jackson Arnold (Auburn, $500,000, sim=0.16)",2500000.0
Trey Moore,Texas,MLB,,789763.0400401609,comparative,654338.25,"Harold Perkins Jr. (LSU, $1,600,000, sim=0.24)","Nikhai Hill-Green (Alabama, $400,000, sim=0.24)","Deontae Lawson (Alabama, $800,000, sim=0.18)",1250000.0
Michael Taaffe,Texas,S,,598772.3135242084,comparative,614409.0,"Domani Jackson (Alabama, $500,000, sim=0.34)","Keon Sabb (Alabama, $700,000, sim=0.28)","DaShawn Jones (Alabama, $400,000, sim=0.24)",500000.0
Marshall Landwehr,Texas,MLB,,730189.6143968699,comparative,304776.25,"Nikhai Hill-Green (Alabama, $400,000, sim=0.18)","Harold Perkins Jr. (LSU, $1,600,000, sim=0.13)","Deontae Lawson (Alabama, $800,000, sim=0.13)",1250000.0
Ryan Niblett,Texas,S,,499802.97618898784,comparative,107173.8828125,"Cam Calhoun (Alabama, $350,000, sim=0.23)","DaShawn Jones (Alabama, $400,000, sim=0.20)","Jardin Gilbert (LSU, $600,000, sim=0.19)",350000.0
Ethan Burke,Texas,MLB,,746485.5290903994,comparative,82531.125,"Nikhai Hill-Green (Alabama, $400,000, sim=0.22)","Harold Perkins Jr. (LSU, $1,600,000, sim=0.19)","Deontae Lawson (Alabama, $800,000, sim=0.15)",1250000.0
Lance St. Louis,Texas,S,,501755.584136285,comparative,1088520.125,"DaShawn Jones (Alabama, $400,000, sim=0.32)","Jardin Gilbert (LSU, $600,000, sim=0.30)","Domani Jackson (Alabama, $500,000, sim=0.27)",350000.0
Colton Vasek,Texas,MLB,,741327.9549188307,comparative,61229.7421875,"Nikhai Hill-Green (Alabama, $400,000, sim=0.16)","Harold Perkins Jr. (LSU, $1,600,000, sim=0.14)","Deontae Lawson (Alabama, $800,000, sim=0.12)",1250000.0
Brad Spence,Texas,MLB,,754080.5422073489,comparative,33604.86328125,"Nikhai Hill-Green (Alabama, $400,000, sim=0.19)","Harold Perkins Jr. (LSU, $1,600,000, sim=0.18)","Yhonzae Pierre (Alabama, $350,000, sim=0.14)",1250000.0
Spencer Shannon,Texas,TE,,452860.51327383553,comparative,68192.140625,"Danny Lewis Jr. (Alabama, $400,000, sim=0.32)","Brody Dalton (Alabama, $300,000, sim=0.25)","Lawson Luckie (Georgia, $500,000, sim=0.21)",400000.0
Jelani McDonald,Texas,S,,592399.0826134743,comparative,1476911.625,"KJ Bolden (Georgia, $900,000, sim=0.27)","Keon Sabb (Alabama, $700,000, sim=0.24)","Domani Jackson (Alabama, $500,000, sim=0.20)",600000.0
Warren Roberson,Texas,S,,451721.2011804927,comparative,235441.875,"Cam Calhoun (Alabama, $350,000, sim=0.28)","DaShawn Jones (Alabama, $400,000, sim=0.27)","Keon Sabb (Alabama, $700,000, sim=0.26)",400000.0
Kobe Black,Texas,S,,499428.0623930152,comparative,186491.375,"Cam Calhoun (Alabama, $350,000, sim=0.28)","DaShawn Jones (Alabama, $400,000, sim=0.25)","Domani Jackson (Alabama, $500,000, sim=0.24)",350000.0
Aaron Butler,Texas,WR,,649673.4682145268,comparative,424634.84375,"Cole Adams (Alabama, $350,000, sim=0.35)","Jalen Brown (Arkansas, $400,000, sim=0.16)","Barion Brown (LSU, $900,000, sim=0.14)",1150000.0
Xavier Filsaime,Texas,S,,497824.7765425565,comparative,222859.328125,"Cam Calhoun (Alabama, $350,000, sim=0.30)","DaShawn Jones (Alabama, $400,000, sim=0.26)","Domani Jackson (Alabama, $500,000, sim=0.24)",350000.0
Jordon Johnson-Rubell,Texas,S,,446079.28562614566,comparative,287501.78125,"Cam Calhoun (Alabama, $350,000, sim=0.29)","DaShawn Jones (Alabama, $400,000, sim=0.27)","Keon Sabb (Alabama, $700,000, sim=0.23)",400000.0
Parker Livingstone,Texas,WR,,1177900.0114051856,comparative,1377909.625,"Isaiah Horton (Alabama, $600,000, sim=0.16)","Germie Bernard (Alabama, $500,000, sim=0.16)","Cam Coleman (Auburn, $1,500,000, sim=0.16)",2850000.0
Wardell Mack,Texas,S,,495517.29448559054,comparative,186341.3125,"Cam Calhoun (Alabama, $350,000, sim=0.27)","DaShawn Jones (Alabama, $400,000, sim=0.19)","Jardin Gilbert (LSU, $600,000, sim=0.19)",350000.0
Emmett Mosley V,Texas,WR,,736594.8183739153,comparative,439484.71875,"Cole Adams (Alabama, $350,000, sim=0.28)","Isaiah Horton (Alabama, $600,000, sim=0.24)","Cam Coleman (Auburn, $1,500,000, sim=0.21)",1150000.0
Colin Simmons,Texas,MLB,,725039.7897364695,comparative,44062684.0,"Yhonzae Pierre (Alabama, $350,000, sim=0.16)","Harold Perkins Jr. (LSU, $1,600,000, sim=0.11)","Xavian Sorey Jr. (Arkansas, $500,000, sim=0.08)",1250000.0
Zina Umeozulu,Texas,MLB,,749147.7531780208,comparative,17066.23828125,"Nikhai Hill-Green (Alabama, $400,000, sim=0.15)","Harold Perkins Jr. (LSU, $1,600,000, sim=0.14)","Yhonzae Pierre (Alabama, $350,000, sim=0.12)",1250000.0
Joe Tatum,Texas,QB,,1152222.7812941035,comparative,4471229.5,"Sam Horn (Missouri, $900,000, sim=0.18)","Keelon Russell (Alabama, $800,000, sim=0.17)","Garrett Nussmeier (LSU, $2,900,000, sim=0.17)",2500000.0
Carson Marshall,Texas,S,,501755.584136285,comparative,1088520.125,"DaShawn Jones (Alabama, $400,000, sim=0.32)","Jardin Gilbert (LSU, $600,000, sim=0.30)","Domani Jackson (Alabama, $500,000, sim=0.27)",350000.0
Quinn Merritt,Texas,WR,,702676.7113013808,comparative,327317.65625,"Cole Adams (Alabama, $350,000, sim=0.21)","Barion Brown (LSU, $900,000, sim=0.16)","Isaiah Horton (Alabama, $600,000, sim=0.14)",1150000.0
Graham Gillespie,Texas,S,,501816.7776754237,comparative,1033424.5625,"DaShawn Jones (Alabama, $400,000, sim=0.33)","Jardin Gilbert (LSU, $600,000, sim=0.30)","Domani Jackson (Alabama, $500,000, sim=0.27)",350000.0
Remy Patson,Texas,WR,,702676.7113013808,comparative,327317.65625,"Cole Adams (Alabama, $350,000, sim=0.21)","Barion Brown (LSU, $900,000, sim=0.16)","Isaiah Horton (Alabama, $600,000, sim=0.14)",1150000.0
Hamilton McMartin,Texas,WR,,702676.7113013808,comparative,327317.65625,"Cole Adams (Alabama, $350,000, sim=0.21)","Barion Brown (LSU, $900,000, sim=0.16)","Isaiah Horton (Alabama, $600,000, sim=0.14)",1150000.0
Jack Endries,Texas,TE,,491044.8677101673,comparative,275964.5625,"Lawson Luckie (Georgia, $500,000, sim=0.30)","Oscar Delp (Georgia, $700,000, sim=0.27)","Danny Lewis Jr. (Alabama, $400,000, sim=0.21)",400000.0
Trey Owens,Texas,QB,,1067726.8447194726,comparative,662192.875,"Keelon Russell (Alabama, $800,000, sim=0.26)","Sam Horn (Missouri, $900,000, sim=0.17)","Jackson Arnold (Auburn, $500,000, sim=0.14)",2500000.0
Santana Wilson,Texas,S,,494159.55815345875,comparative,209924.5,"Cam Calhoun (Alabama, $350,000, sim=0.27)","DaShawn Jones (Alabama, $400,000, sim=0.19)","Jardin Gilbert (LSU, $600,000, sim=0.18)",350000.0
Caleb Chester,Texas,S,,494017.15707349824,comparative,212740.21875,"Cam Calhoun (Alabama, $350,000, sim=0.27)","DaShawn Jones (Alabama, $400,000, sim=0.19)","Jardin Gilbert (LSU, $600,000, sim=0.18)",350000.0
Jaime Ffrench,Texas,WR,,666599.9142915928,comparative,111972.5078125,"Cole Adams (Alabama, $350,000, sim=0.30)","Jalen Brown (Arkansas, $400,000, sim=0.15)","Barion Brown (LSU, $900,000, sim=0.14)",1150000.0
Karle Lacey Jr.,Texas,QB,,1046527.5468989918,comparative,1024196.875,"Keelon Russell (Alabama, $800,000, sim=0.38)","Garrett Nussmeier (LSU, $2,900,000, sim=0.15)","Jackson Arnold (Auburn, $500,000, sim=0.15)",2500000.0
Kaliq Lockett,Texas,WR,,658005.8540153467,comparative,189939.40625,"Cole Adams (Alabama, $350,000, sim=0.36)","Jalen Brown (Arkansas, $400,000, sim=0.16)","Isaiah Horton (Alabama, $600,000, sim=0.15)",1150000.0
Daylan McCutcheon,Texas,WR,,656845.0663334071,comparative,214685.203125,"Cole Adams (Alabama, $350,000, sim=0.36)","Jalen Brown (Arkansas, $400,000, sim=0.16)","Barion Brown (LSU, $900,000, sim=0.15)",1150000.0
Jonah Williams,Texas,S,,495608.34217151726,comparative,182881.3125,"Cam Calhoun (Alabama, $350,000, sim=0.27)","DaShawn Jones (Alabama, $400,000, sim=0.19)","Jardin Gilbert (LSU, $600,000, sim=0.19)",350000.0
Michael Terry III,Texas,WR,,683430.5212650158,comparative,66104.5234375,"Cole Adams (Alabama, $350,000, sim=0.25)","Jalen Brown (Arkansas, $400,000, sim=0.14)","Barion Brown (LSU, $900,000, sim=0.14)",1150000.0
Emaree Winston,Texas,TE,,472331.4089518378,comparative,978623.5625,"Danny Lewis Jr. (Alabama, $400,000, sim=0.21)","Lawson Luckie (Georgia, $500,000, sim=0.20)","Oscar Delp (Georgia, $700,000, sim=0.18)",400000.0
Elijah Barnes,Texas,MLB,,743396.0214419106,comparative,38142.96484375,"Nikhai Hill-Green (Alabama, $400,000, sim=0.14)","Harold Perkins Jr. (LSU, $1,600,000, sim=0.13)","Deontae Lawson (Alabama, $800,000, sim=0.12)",1250000.0
Jordan Washington,Texas,TE,,471162.4153372471,comparative,360379.65625,"Danny Lewis Jr. (Alabama, $400,000, sim=0.30)","Lawson Luckie (Georgia, $500,000, sim=0.28)","Brody Dalton (Alabama, $300,000, sim=0.24)",400000.0
Ridge Barker,Texas,TE,,459433.0466512622,comparative,66725.8828125,"Danny Lewis Jr. (Alabama, $400,000, sim=0.25)","Brody Dalton (Alabama, $300,000, sim=0.20)","Lawson Luckie (Georgia, $500,000, sim=0.19)",400000.0
Tate Haver,Texas,S,,498121.2875638181,comparative,484546.15625,"DaShawn Jones (Alabama, $400,000, sim=0.29)","Jardin Gilbert (LSU, $600,000, sim=0.27)","Cam Calhoun (Alabama, $350,000, sim=0.27)",350000.0
Rett Andersen,Texas,WR,,669914.9829606964,comparative,186976.828125,"Cole Adams (Alabama, $350,000, sim=0.31)","Barion Brown (LSU, $900,000, sim=0.17)","Jalen Brown (Arkansas, $400,000, sim=0.15)",1150000.0
Bryce Chambers,Texas,WR,,688517.317446965,comparative,135419.515625,"Cole Adams (Alabama, $350,000, sim=0.25)","Barion Brown (LSU, $900,000, sim=0.16)","Isaiah Horton (Alabama, $600,000, sim=0.14)",1150000.0
Ty Boatright,Texas,WR,,688517.317446965,comparative,135419.515625,"Cole Adams (Alabama, $350,000, sim=0.25)","Barion Brown (LSU, $900,000, sim=0.16)","Isaiah Horton (Alabama, $600,000, sim=0.14)",1150000.0
Brady Sarkisian,Texas,MLB,,735006.6772715084,comparative,126925.8984375,"Nikhai Hill-Green (Alabama, $400,000, sim=0.17)","Harold Perkins Jr. (LSU, $1,600,000, sim=0.13)","Deontae Lawson (Alabama, $800,000, sim=0.12)",1250000.0
Zelus Hicks,Texas,S,,493951.0252361327,comparative,214994.78125,"Cam Calhoun (Alabama, $350,000, sim=0.27)","DaShawn Jones (Alabama, $400,000, sim=0.19)","Jardin Gilbert (LSU, $600,000, sim=0.18)",350000.0
Kade Phillips,Texas,S,,509878.4250976286,comparative,463527.09375,"Zabien Brown (Alabama, $300,000, sim=0.35)","KJ Bolden (Georgia, $900,000, sim=0.21)","Keon Sabb (Alabama, $700,000, sim=0.20)",600000.0
Jonathan Cunningham,Texas,MLB,,741210.7875698553,comparative,60613.24609375,"Nikhai Hill-Green (Alabama, $400,000, sim=0.14)","Harold Perkins Jr. (LSU, $1,600,000, sim=0.13)","Deontae Lawson (Alabama, $800,000, sim=0.11)",1250000.0
Nick Townsend,Texas,TE,,460422.19720964844,comparative,66370.09375,"Danny Lewis Jr. (Alabama, $400,000, sim=0.26)","Brody Dalton (Alabama, $300,000, sim=0.20)","Lawson Luckie (Georgia, $500,000, sim=0.20)",400000.0
Graceson Littleton,Texas,S,,522588.2457875102,comparative,418621.59375,"Zabien Brown (Alabama, $300,000, sim=0.37)","KJ Bolden (Georgia, $900,000, sim=0.25)","Keon Sabb (Alabama, $700,000, sim=0.21)",600000.0
Smith Orogbo,Texas,MLB,,743604.2185609479,comparative,44166.5,"Nikhai Hill-Green (Alabama, $400,000, sim=0.14)","Harold Perkins Jr. (LSU, $1,600,000, sim=0.13)","Deontae Lawson (Alabama, $800,000, sim=0.11)",1250000.0
Ryan Wingo,Texas,WR,,1271116.2753677522,comparative,3373506.75,"Isaiah Horton (Alabama, $600,000, sim=0.24)","Cam Coleman (Auburn, $1,500,000, sim=0.23)","Germie Bernard (Alabama, $500,000, sim=0.17)",2700000.0
McCoy Bruce,Texas,S,,493951.0252361327,comparative,214994.78125,"Cam Calhoun (Alabama, $350,000, sim=0.27)","DaShawn Jones (Alabama, $400,000, sim=0.19)","Jardin Gilbert (LSU, $600,000, sim=0.18)",350000.0
Ty'Anthony Smith,Texas,MLB,,746027.1605169154,comparative,67061.703125,"Nikhai Hill-Green (Alabama, $400,000, sim=0.24)","Deontae Lawson (Alabama, $800,000, sim=0.19)","Harold Perkins Jr. (LSU, $1,600,000, sim=0.18)",1250000.0
Jackson Duffey,Texas,S,,493951.0252361327,comparative,214994.78125,"Cam Calhoun (Alabama, $350,000, sim=0.27)","DaShawn Jones (Alabama, $400,000, sim=0.19)","Jardin Gilbert (LSU, $600,000, sim=0.18)",350000.0
Ziky Umeozulu,Texas,S,,493951.0252361327,comparative,214994.78125,"Cam Calhoun (Alabama, $350,000, sim=0.27)","DaShawn Jones (Alabama, $400,000, sim=0.19)","Jardin Gilbert (LSU, $600,000, sim=0.18)",350000.0
Eric Garza,Texas,MLB,,741482.0229400913,comparative,70242.5859375,"Nikhai Hill-Green (Alabama, $400,000, sim=0.14)","Harold Perkins Jr. (LSU, $1,600,000, sim=0.12)","Deontae Lawson (Alabama, $800,000, sim=0.11)",1250000.0
Hudson Powell,Texas,WR,,680136.2968504017,comparative,81354.0078125,"Cole Adams (Alabama, $350,000, sim=0.26)","Barion Brown (LSU, $900,000, sim=0.15)","Jalen Brown (Arkansas, $400,000, sim=0.14)",1150000.0
Luke Dunham,Texas,QB,,1067726.8447194726,comparative,662192.875,"Keelon Russell (Alabama, $800,000, sim=0.26)","Sam Horn (Missouri, $900,000, sim=0.17)","Jackson Arnold (Auburn, $500,000, sim=0.14)",2500000.0
Lance Jackson,Texas,MLB,,758568.8754151764,comparative,13908.36328125,"Harold Perkins Jr. (LSU, $1,600,000, sim=0.16)","Nikhai Hill-Green (Alabama, $400,000, sim=0.15)","Yhonzae Pierre (Alabama, $350,000, sim=0.13)",1250000.0
Jacob Zeno,Texas A&M,QB,,1165928.6898028273,comparative,3518154.0,"Keelon Russell (Alabama, $800,000, sim=0.20)","Garrett Nussmeier (LSU, $2,900,000, sim=0.19)","Sam Horn (Missouri, $900,000, sim=0.18)",2500000.0
Bryce Anderson,Texas A&M,S,,503266.2202581727,comparative,711081.375,"DaShawn Jones (Alabama, $400,000, sim=0.34)","Jardin Gilbert (LSU, $600,000, sim=0.31)","Domani Jackson (Alabama, $500,000, sim=0.30)",350000.0
Jarred Kerr,Texas A&M,S,,501982.6709502349,comparative,650787.25,"DaShawn Jones (Alabama, $400,000, sim=0.36)","Domani Jackson (Alabama, $500,000, sim=0.33)","Jardin Gilbert (LSU, $600,000, sim=0.31)",350000.0
Nate Boerkircher,Texas A&M,TE,,485346.1014593258,comparative,244599.140625,"Lawson Luckie (Georgia, $500,000, sim=0.38)","Oscar Delp (Georgia, $700,000, sim=0.33)","Brody Dalton (Alabama, $300,000, sim=0.29)",400000.0
Amari Niblack,Texas A&M,TE,,461387.11398713384,comparative,542627.75,"Brody Dalton (Alabama, $300,000, sim=0.40)","Danny Lewis Jr. (Alabama, $400,000, sim=0.35)","Oscar Delp (Georgia, $700,000, sim=0.32)",400000.0
Dalton Brooks,Texas A&M,S,,581242.2416142996,comparative,3311612.75,"KJ Bolden (Georgia, $900,000, sim=0.17)","Keon Sabb (Alabama, $700,000, sim=0.17)","Cam Calhoun (Alabama, $350,000, sim=0.16)",550000.0
KC Concepcion,Texas A&M,WR,,1186970.0343360298,comparative,3631553.0,"Isaiah Horton (Alabama, $600,000, sim=0.28)","Cam Coleman (Auburn, $1,500,000, sim=0.20)","Germie Bernard (Alabama, $500,000, sim=0.20)",2700000.0
Theo Melin Ohrstrom,Texas A&M,TE,,473233.94331870275,comparative,147611.1875,"Danny Lewis Jr. (Alabama, $400,000, sim=0.36)","Lawson Luckie (Georgia, $500,000, sim=0.36)","Brody Dalton (Alabama, $300,000, sim=0.31)",400000.0
Marcel Reed,Texas A&M,QB,800000.0,800000.0,actual,881185.0,,,,0.0
Jonah Wilson,Texas A&M,WR,,678673.1247657213,comparative,82858.09375,"Cole Adams (Alabama, $350,000, sim=0.27)","Barion Brown (LSU, $900,000, sim=0.15)","Jalen Brown (Arkansas, $400,000, sim=0.14)",1150000.0
Scooby Williams,Texas A&M,MLB,,733599.8621411771,comparative,75891.1953125,"Nikhai Hill-Green (Alabama, $400,000, sim=0.20)","Harold Perkins Jr. (LSU, $1,600,000, sim=0.16)","Deontae Lawson (Alabama, $800,000, sim=0.14)",1250000.0
Taurean York,Texas A&M,MLB,,766197.429647662,comparative,233122.46875,"Nikhai Hill-Green (Alabama, $400,000, sim=0.29)","Harold Perkins Jr. (LSU, $1,600,000, sim=0.24)","Deontae Lawson (Alabama, $800,000, sim=0.21)",1250000.0
Marcus Ratcliffe,Texas A&M,S,,571224.5899541653,comparative,432581.59375,"Keon Sabb (Alabama, $700,000, sim=0.37)","Domani Jackson (Alabama, $500,000, sim=0.27)","Zabien Brown (Alabama, $300,000, sim=0.24)",600000.0
Daymion Sanford,Texas A&M,MLB,,789390.3329894228,comparative,250413.046875,"Harold Perkins Jr. (LSU, $1,600,000, sim=0.25)","Nikhai Hill-Green (Alabama, $400,000, sim=0.23)","Deontae Lawson (Alabama, $800,000, sim=0.19)",1250000.0
Terry Bussey,Texas A&M,WR,,667790.9860982207,comparative,196037.1875,"Cole Adams (Alabama, $350,000, sim=0.41)","Barion Brown (LSU, $900,000, sim=0.19)","Isaiah Horton (Alabama, $600,000, sim=0.18)",1150000.0
Mario Craver,Texas A&M,WR,,1318328.5496427822,comparative,2893962.5,"Cam Coleman (Auburn, $1,500,000, sim=0.21)","Isaiah Horton (Alabama, $600,000, sim=0.19)","Barion Brown (LSU, $900,000, sim=0.17)",2700000.0
Jordan Lockhart,Texas A&M,MLB,,740572.9825662243,comparative,24868.30078125,"Nikhai Hill-Green (Alabama, $400,000, sim=0.17)","Harold Perkins Jr. (LSU, $1,600,000, sim=0.15)","Deontae Lawson (Alabama, $800,000, sim=0.13)",1250000.0
Jordan Pride,Texas A&M,S,,493610.3258944311,comparative,197693.09375,"Cam Calhoun (Alabama, $350,000, sim=0.27)","DaShawn Jones (Alabama, $400,000, sim=0.19)","Jardin Gilbert (LSU, $600,000, sim=0.18)",350000.0
Izaiah Williams,Texas A&M,WR,,656804.4660059253,comparative,183732.84375,"Cole Adams (Alabama, $350,000, sim=0.37)","Jalen Brown (Arkansas, $400,000, sim=0.16)","Isaiah Horton (Alabama, $600,000, sim=0.16)",1150000.0
Micah Riley,Texas A&M,TE,,445318.60091524775,comparative,93883.5859375,"Danny Lewis Jr. (Alabama, $400,000, sim=0.37)","Brody Dalton (Alabama, $300,000, sim=0.34)","Lawson Luckie (Georgia, $500,000, sim=0.23)",400000.0
Tristan Jernigan,Texas A&M,MLB,,738335.5234225513,comparative,60127.55078125,"Nikhai Hill-Green (Alabama, $400,000, sim=0.16)","Harold Perkins Jr. (LSU, $1,600,000, sim=0.13)","Deontae Lawson (Alabama, $800,000, sim=0.12)",1250000.0
Ashton Bethel-Roman,Texas A&M,WR,,1248019.5075622257,comparative,2705244.75,"Isaiah Horton (Alabama, $600,000, sim=0.20)","Cam Coleman (Auburn, $1,500,000, sim=0.19)","Cole Adams (Alabama, $350,000, sim=0.18)",2850000.0
Myles Davis,Texas A&M,S,,473669.8008365447,comparative,407635.0,"Cam Calhoun (Alabama, $350,000, sim=0.46)","DaShawn Jones (Alabama, $400,000, sim=0.21)","Jardin Gilbert (LSU, $600,000, sim=0.20)",350000.0
Kiotti Armstrong,Texas A&M,TE,,459857.7986015489,comparative,66477.2734375,"Danny Lewis Jr. (Alabama, $400,000, sim=0.25)","Brody Dalton (Alabama, $300,000, sim=0.20)","Lawson Luckie (Georgia, $500,000, sim=0.19)",400000.0
Noah Mikhail,Texas A&M,MLB,,743830.8968413821,comparative,23198.734375,"Nikhai Hill-Green (Alabama, $400,000, sim=0.15)","Harold Perkins Jr. (LSU, $1,600,000, sim=0.14)","Deontae Lawson (Alabama, $800,000, sim=0.12)",1250000.0
Kelvion Riggins,Texas A&M,MLB,,741212.260380042,comparative,65423.16015625,"Nikhai Hill-Green (Alabama, $400,000, sim=0.14)","Harold Perkins Jr. (LSU, $1,600,000, sim=0.12)","Deontae Lawson (Alabama, $800,000, sim=0.11)",1250000.0
Miles O'Neill,Texas A&M,QB,,1045871.6706567389,comparative,410724.8125,"Keelon Russell (Alabama, $800,000, sim=0.39)","Sam Horn (Missouri, $900,000, sim=0.16)","Garrett Nussmeier (LSU, $2,900,000, sim=0.15)",2500000.0
Jerome Myles,Texas A&M,WR,,682151.8917758628,comparative,70306.921875,"Cole Adams (Alabama, $350,000, sim=0.25)","Jalen Brown (Arkansas, $400,000, sim=0.14)","Barion Brown (LSU, $900,000, sim=0.14)",1150000.0
Rashad Johnson Jr.,Texas A&M,S,,493753.76260967075,comparative,194978.703125,"Cam Calhoun (Alabama, $350,000, sim=0.27)","DaShawn Jones (Alabama, $400,000, sim=0.19)","Jardin Gilbert (LSU, $600,000, sim=0.18)",350000.0
Johnny Ryder,Texas A&M,WR,,687263.8371141821,comparative,133356.390625,"Cole Adams (Alabama, $350,000, sim=0.25)","Barion Brown (LSU, $900,000, sim=0.16)","Isaiah Horton (Alabama, $600,000, sim=0.14)",1150000.0
Isaiah Willis,Texas A&M,S,,497758.6684087247,comparative,420533.0625,"DaShawn Jones (Alabama, $400,000, sim=0.30)","Jardin Gilbert (LSU, $600,000, sim=0.27)","Cam Calhoun (Alabama, $350,000, sim=0.27)",350000.0
Aidan Herrera,Texas A&M,MLB,,734420.6954974807,comparative,125523.625,"Nikhai Hill-Green (Alabama, $400,000, sim=0.17)","Harold Perkins Jr. (LSU, $1,600,000, sim=0.13)","Deontae Lawson (Alabama, $800,000, sim=0.12)",1250000.0
Zachary Clay,Texas A&M,TE,,441420.2031644619,comparative,171697.359375,"Brody Dalton (Alabama, $300,000, sim=0.40)","Danny Lewis Jr. (Alabama, $400,000, sim=0.32)","Lawson Luckie (Georgia, $500,000, sim=0.22)",400000.0
Wesley Watson,Texas A&M,WR,,687284.6472941411,comparative,123349.7109375,"Cole Adams (Alabama, $350,000, sim=0.25)","Barion Brown (LSU, $900,000, sim=0.16)","Isaiah Horton (Alabama, $600,000, sim=0.14)",1150000.0
Blake Buntyn,Texas A&M,WR,,647319.9232156835,comparative,250661.0625,"Cole Adams (Alabama, $350,000, sim=0.36)","Jalen Brown (Arkansas, $400,000, sim=0.15)","Barion Brown (LSU, $900,000, sim=0.14)",1150000.0
Chase Burton,Texas A&M,WR,,687263.8371141821,comparative,133356.390625,"Cole Adams (Alabama, $350,000, sim=0.25)","Barion Brown (LSU, $900,000, sim=0.16)","Isaiah Horton (Alabama, $600,000, sim=0.14)",1150000.0
Tommy Colligan,Texas A&M,MLB,,734420.6954974807,comparative,125523.625,"Nikhai Hill-Green (Alabama, $400,000, sim=0.17)","Harold Perkins Jr. (LSU, $1,600,000, sim=0.13)","Deontae Lawson (Alabama, $800,000, sim=0.12)",1250000.0
TK Norman,Texas A&M,WR,,647103.6351607363,comparative,286076.5625,"Cole Adams (Alabama, $350,000, sim=0.38)","Jalen Brown (Arkansas, $400,000, sim=0.16)","Barion Brown (LSU, $900,000, sim=0.15)",1150000.0
Kelshaun Johnson,Texas A&M,WR,,659956.7422689985,comparative,144004.578125,"Cole Adams (Alabama, $350,000, sim=0.33)","Jalen Brown (Arkansas, $400,000, sim=0.16)","Barion Brown (LSU, $900,000, sim=0.15)",1150000.0
Dashawn Fillmore,Texas A&M,S,,501196.1146007228,comparative,1010647.0,"DaShawn Jones (Alabama, $400,000, sim=0.33)","Jardin Gilbert (LSU, $600,000, sim=0.30)","Domani Jackson (Alabama, $500,000, sim=0.27)",350000.0
Paxton Land,Texas A&M,QB,,1065776.8352740027,comparative,660668.875,"Keelon Russell (Alabama, $800,000, sim=0.26)","Sam Horn (Missouri, $900,000, sim=0.17)","Garrett Nussmeier (LSU, $2,900,000, sim=0.14)",2500000.0
Luke Braden,Texas A&M,TE,,453259.0743786198,comparative,69581.046875,"Danny Lewis Jr. (Alabama, $400,000, sim=0.32)","Brody Dalton (Alabama, $300,000, sim=0.25)","Lawson Luckie (Georgia, $500,000, sim=0.22)",400000.0
Eli Morcos,Texas A&M,QB,,1065776.8352740027,comparative,660668.875,"Keelon Russell (Alabama, $800,000, sim=0.26)","Sam Horn (Missouri, $900,000, sim=0.17)","Garrett Nussmeier (LSU, $2,900,000, sim=0.14)",2500000.0
Layne Gerke,Texas A&M,S,,494013.792976836,comparative,239741.453125,"Cam Calhoun (Alabama, $350,000, sim=0.30)","DaShawn Jones (Alabama, $400,000, sim=0.24)","Jardin Gilbert (LSU, $600,000, sim=0.23)",350000.0
Peyton Gay,Texas A&M,S,,493544.1679228919,comparative,200147.28125,"Cam Calhoun (Alabama, $350,000, sim=0.27)","DaShawn Jones (Alabama, $400,000, sim=0.19)","Jardin Gilbert (LSU, $600,000, sim=0.18)",350000.0
Carter Braugh,Texas A&M,TE,,453259.0743786198,comparative,69581.046875,"Danny Lewis Jr. (Alabama, $400,000, sim=0.32)","Brody Dalton (Alabama, $300,000, sim=0.25)","Lawson Luckie (Georgia, $500,000, sim=0.22)",400000.0
Kyle Garvis,Texas A&M,MLB,,738562.2261268878,comparative,80458.890625,"Nikhai Hill-Green (Alabama, $400,000, sim=0.16)","Harold Perkins Jr. (LSU, $1,600,000, sim=0.13)","Deontae Lawson (Alabama, $800,000, sim=0.12)",1250000.0
Brady Hart,Texas A&M,QB,,1039133.9164598039,comparative,593699.0,"Keelon Russell (Alabama, $800,000, sim=0.40)","Sam Horn (Missouri, $900,000, sim=0.16)","Garrett Nussmeier (LSU, $2,900,000, sim=0.15)",2500000.0
Jeremiah Searcy,Texas A&M,MLB,,741212.260380042,comparative,65423.16015625,"Nikhai Hill-Green (Alabama, $400,000, sim=0.14)","Harold Perkins Jr. (LSU, $1,600,000, sim=0.12)","Deontae Lawson (Alabama, $800,000, sim=0.11)",1250000.0
Will Hargett,Texas A&M,WR,,682151.8917758628,comparative,70306.921875,"Cole Adams (Alabama, $350,000, sim=0.25)","Jalen Brown (Arkansas, $400,000, sim=0.14)","Barion Brown (LSU, $900,000, sim=0.14)",1150000.0
Kade Stewart,Texas A&M,WR,,682151.8917758628,comparative,70306.921875,"Cole Adams (Alabama, $350,000, sim=0.25)","Jalen Brown (Arkansas, $400,000, sim=0.14)","Barion Brown (LSU, $900,000, sim=0.14)",1150000.0
Luke Miller,Texas A&M,WR,,687263.8371141821,comparative,133356.390625,"Cole Adams (Alabama, $350,000, sim=0.25)","Barion Brown (LSU, $900,000, sim=0.16)","Isaiah Horton (Alabama, $600,000, sim=0.14)",1150000.0
Whitaker Williams,Texas A&M,WR,,678673.1247657213,comparative,82858.09375,"Cole Adams (Alabama, $350,000, sim=0.27)","Barion Brown (LSU, $900,000, sim=0.15)","Jalen Brown (Arkansas, $400,000, sim=0.14)",1150000.0
Eli Stowers,Vanderbilt,TE,,486584.5963063885,comparative,1216507.75,"Oscar Delp (Georgia, $700,000, sim=0.14)","Lawson Luckie (Georgia, $500,000, sim=0.14)","Brody Dalton (Alabama, $300,000, sim=0.12)",400000.0
Langston Patterson,Vanderbilt,MLB,,735104.7600270614,comparative,99518.5234375,"Xavian Sorey Jr. (Arkansas, $500,000, sim=0.17)","Nikhai Hill-Green (Alabama, $400,000, sim=0.15)","Harold Perkins Jr. (LSU, $1,600,000, sim=0.14)",1250000.0
Marlen Sewell,Vanderbilt,S,,507196.7144380261,comparative,325346.125,"Domani Jackson (Alabama, $500,000, sim=0.17)","Jardin Gilbert (LSU, $600,000, sim=0.17)","Keon Sabb (Alabama, $700,000, sim=0.17)",400000.0
Prince Kollie,Vanderbilt,MLB,,735546.8062454255,comparative,286570.53125,"Xavian Sorey Jr. (Arkansas, $500,000, sim=0.14)","Nikhai Hill-Green (Alabama, $400,000, sim=0.14)","Harold Perkins Jr. (LSU, $1,600,000, sim=0.13)",1250000.0
Drew Dickey,Vanderbilt,QB,,1199736.1807827551,comparative,11898733.0,"Sam Horn (Missouri, $900,000, sim=0.27)","Garrett Nussmeier (LSU, $2,900,000, sim=0.16)","Jackson Arnold (Auburn, $500,000, sim=0.15)",2400000.0
Cole Spence,Vanderbilt,TE,,479963.0713403118,comparative,482710.03125,"Oscar Delp (Georgia, $700,000, sim=0.17)","Lawson Luckie (Georgia, $500,000, sim=0.17)","Brody Dalton (Alabama, $300,000, sim=0.16)",400000.0
Bryce Cowan,Vanderbilt,MLB,,753147.1299167722,comparative,140209.296875,"Xavian Sorey Jr. (Arkansas, $500,000, sim=0.17)","Harold Perkins Jr. (LSU, $1,600,000, sim=0.16)","Nikhai Hill-Green (Alabama, $400,000, sim=0.14)",1250000.0
Randon Fontenette,Vanderbilt,MLB,,738596.6262701165,comparative,127586.8359375,"Xavian Sorey Jr. (Arkansas, $500,000, sim=0.17)","Nikhai Hill-Green (Alabama, $400,000, sim=0.14)","Harold Perkins Jr. (LSU, $1,600,000, sim=0.14)",1250000.0
Junior Sherrill,Vanderbilt,WR,,817376.1574089344,comparative,2878271.0,"Cam Coleman (Auburn, $1,500,000, sim=0.19)","Isaiah Horton (Alabama, $600,000, sim=0.17)","Barion Brown (LSU, $900,000, sim=0.16)",1100000.0
Jailen Ruth,Vanderbilt,MLB,,745033.34436945,comparative,355468.8125,"Nikhai Hill-Green (Alabama, $400,000, sim=0.14)","Harold Perkins Jr. (LSU, $1,600,000, sim=0.12)","Xavian Sorey Jr. (Arkansas, $500,000, sim=0.12)",1250000.0
CJ Heard,Vanderbilt,S,,564853.3633262683,comparative,925248.5,"KJ Bolden (Georgia, $900,000, sim=0.15)","Keon Sabb (Alabama, $700,000, sim=0.15)","Zabien Brown (Alabama, $300,000, sim=0.13)",600000.0
Diego Pavia,Vanderbilt,QB,,821178.5781043367,comparative,26886832.0,"Taylen Green (Arkansas, $600,000, sim=0.20)","John Mateer (Oklahoma, $700,000, sim=0.16)","Gunner Stockton (Georgia, $1,500,000, sim=0.16)",1000000.0
Jalen Gilbert,Vanderbilt,S,,509317.8229484393,comparative,462217.8125,"Jardin Gilbert (LSU, $600,000, sim=0.18)","DaShawn Jones (Alabama, $400,000, sim=0.17)","Cam Calhoun (Alabama, $350,000, sim=0.16)",350000.0
Richie Hoskins,Vanderbilt,WR,,751427.2327868365,comparative,871679.125,"Barion Brown (LSU, $900,000, sim=0.18)","Jalen Brown (Arkansas, $400,000, sim=0.18)","Cam Coleman (Auburn, $1,500,000, sim=0.16)",1150000.0
Nick Rinaldi,Vanderbilt,MLB,,761618.485326265,comparative,377884.375,"Harold Perkins Jr. (LSU, $1,600,000, sim=0.16)","Xavian Sorey Jr. (Arkansas, $500,000, sim=0.16)","Yhonzae Pierre (Alabama, $350,000, sim=0.13)",1250000.0
Bryan Longwell,Vanderbilt,MLB,,740994.7833521973,comparative,74637.109375,"Xavian Sorey Jr. (Arkansas, $500,000, sim=0.20)","Harold Perkins Jr. (LSU, $1,600,000, sim=0.16)","Nikhai Hill-Green (Alabama, $400,000, sim=0.15)",1250000.0
Emmanuel Adebi,Vanderbilt,TE,,468798.99203059624,comparative,326003.0,"Brody Dalton (Alabama, $300,000, sim=0.18)","Danny Lewis Jr. (Alabama, $400,000, sim=0.17)","Oscar Delp (Georgia, $700,000, sim=0.16)",400000.0
Chance Fitzgerald,Vanderbilt,WR,,710996.0096240863,comparative,492536.34375,"Jalen Brown (Arkansas, $400,000, sim=0.16)","Cole Adams (Alabama, $350,000, sim=0.15)","Barion Brown (LSU, $900,000, sim=0.14)",1150000.0
Brycen Coleman,Vanderbilt,TE,,478090.12920061126,comparative,427806.15625,"Lawson Luckie (Georgia, $500,000, sim=0.16)","Danny Lewis Jr. (Alabama, $400,000, sim=0.15)","Oscar Delp (Georgia, $700,000, sim=0.15)",400000.0
Blaze Berlowitz,Vanderbilt,QB,,1177557.4081401953,comparative,3788774.5,"Sam Horn (Missouri, $900,000, sim=0.29)","Keelon Russell (Alabama, $800,000, sim=0.16)","Jackson Arnold (Auburn, $500,000, sim=0.15)",2400000.0
Whit Muschamp,Vanderbilt,QB,,1172549.0212650844,comparative,4237209.0,"Sam Horn (Missouri, $900,000, sim=0.25)","Keelon Russell (Alabama, $800,000, sim=0.17)","Jackson Arnold (Auburn, $500,000, sim=0.14)",2400000.0
Jamison Curtis,Vanderbilt,MLB,,739929.1741144988,comparative,174284.828125,"Nikhai Hill-Green (Alabama, $400,000, sim=0.13)","Xavian Sorey Jr. (Arkansas, $500,000, sim=0.13)","Harold Perkins Jr. (LSU, $1,600,000, sim=0.12)",1250000.0
Dontae Carter,Vanderbilt,S,,511008.6944085582,comparative,156975.140625,"Jardin Gilbert (LSU, $600,000, sim=0.17)","Cam Calhoun (Alabama, $350,000, sim=0.16)","Domani Jackson (Alabama, $500,000, sim=0.16)",350000.0
Witt Edwards,Vanderbilt,TE,,467094.4009314679,comparative,99669.1640625,"Danny Lewis Jr. (Alabama, $400,000, sim=0.17)","Brody Dalton (Alabama, $300,000, sim=0.16)","Lawson Luckie (Georgia, $500,000, sim=0.15)",400000.0
Joseph McVay,Vanderbilt,WR,,700708.1238353188,comparative,375841.15625,"Jalen Brown (Arkansas, $400,000, sim=0.20)","Cole Adams (Alabama, $350,000, sim=0.18)","Barion Brown (LSU, $900,000, sim=0.14)",1150000.0
Carson Lawrence,Vanderbilt,S,,507199.04579338897,comparative,198585.75,"Cam Calhoun (Alabama, $350,000, sim=0.16)","Jardin Gilbert (LSU, $600,000, sim=0.15)","DaShawn Jones (Alabama, $400,000, sim=0.14)",350000.0
Tate Hamby,Vanderbilt,MLB,,740380.7895369926,comparative,248463.828125,"Nikhai Hill-Green (Alabama, $400,000, sim=0.12)","Xavian Sorey Jr. (Arkansas, $500,000, sim=0.12)","Harold Perkins Jr. (LSU, $1,600,000, sim=0.12)",1250000.0
Tristen Brown,Vanderbilt,WR,,707158.7385993402,comparative,656561.0625,"Jalen Brown (Arkansas, $400,000, sim=0.21)","Cole Adams (Alabama, $350,000, sim=0.18)","Barion Brown (LSU, $900,000, sim=0.15)",1150000.0
Derek Kee,Vanderbilt,WR,,710996.0096240863,comparative,492536.34375,"Jalen Brown (Arkansas, $400,000, sim=0.16)","Cole Adams (Alabama, $350,000, sim=0.15)","Barion Brown (LSU, $900,000, sim=0.14)",1150000.0
Payne Daniel,Vanderbilt,S,,508907.3264286415,comparative,722036.875,"Jardin Gilbert (LSU, $600,000, sim=0.19)","DaShawn Jones (Alabama, $400,000, sim=0.16)","Cam Calhoun (Alabama, $350,000, sim=0.16)",350000.0
Ty Bartholomew,Vanderbilt,MLB,,737977.4883578476,comparative,399137.3125,"Nikhai Hill-Green (Alabama, $400,000, sim=0.13)","Xavian Sorey Jr. (Arkansas, $500,000, sim=0.13)","Harold Perkins Jr. (LSU, $1,600,000, sim=0.12)",1250000.0
Gabe Fisher,Vanderbilt,TE,,467624.1062991547,comparative,146043.046875,"Danny Lewis Jr. (Alabama, $400,000, sim=0.18)","Brody Dalton (Alabama, $300,000, sim=0.17)","Lawson Luckie (Georgia, $500,000, sim=0.16)",400000.0
Claiborne Richards,Vanderbilt,WR,,710996.0096240863,comparative,492536.34375,"Jalen Brown (Arkansas, $400,000, sim=0.16)","Cole Adams (Alabama, $350,000, sim=0.15)","Barion Brown (LSU, $900,000, sim=0.14)",1150000.0
Trent Hudson,Vanderbilt,WR,,712074.466093913,comparative,1574511.0,"Jalen Brown (Arkansas, $400,000, sim=0.17)","Cole Adams (Alabama, $350,000, sim=0.16)","Barion Brown (LSU, $900,000, sim=0.15)",1150000.0
Josiah Broxton,Vanderbilt,MLB,,741940.7661750694,comparative,198265.5625,"Nikhai Hill-Green (Alabama, $400,000, sim=0.12)","Xavian Sorey Jr. (Arkansas, $500,000, sim=0.12)","Harold Perkins Jr. (LSU, $1,600,000, sim=0.11)",1250000.0
Jack Elliott,Vanderbilt,QB,,1148516.8454043164,comparative,3373944.25,"Sam Horn (Missouri, $900,000, sim=0.25)","Keelon Russell (Alabama, $800,000, sim=0.16)","Jackson Arnold (Auburn, $500,000, sim=0.13)",2400000.0
Lebron Hill,Vanderbilt,WR,,707524.2296543045,comparative,320613.5,"Jalen Brown (Arkansas, $400,000, sim=0.16)","Cole Adams (Alabama, $350,000, sim=0.15)","Barion Brown (LSU, $900,000, sim=0.12)",1150000.0
Cameran Dickson,Vanderbilt,TE,,468000.6868114523,comparative,90169.4609375,"Danny Lewis Jr. (Alabama, $400,000, sim=0.16)","Lawson Luckie (Georgia, $500,000, sim=0.14)","Brody Dalton (Alabama, $300,000, sim=0.14)",400000.0
Davin Chandler,Vanderbilt,S,,505623.8578749235,comparative,336137.28125,"Cam Calhoun (Alabama, $350,000, sim=0.16)","Jardin Gilbert (LSU, $600,000, sim=0.15)","DaShawn Jones (Alabama, $400,000, sim=0.14)",350000.0
Jeremy St-Hilaire,Vanderbilt,QB,,1141773.7564045228,comparative,4190728.75,"Sam Horn (Missouri, $900,000, sim=0.33)","Keelon Russell (Alabama, $800,000, sim=0.15)","Jackson Arnold (Auburn, $500,000, sim=0.14)",2400000.0
Thomas Jones,Vanderbilt,S,,506985.21834447386,comparative,409803.375,"Jardin Gilbert (LSU, $600,000, sim=0.17)","Cam Calhoun (Alabama, $350,000, sim=0.16)","DaShawn Jones (Alabama, $400,000, sim=0.15)",350000.0
Ty Burd,Vanderbilt,WR,,710996.0096240863,comparative,492536.34375,"Jalen Brown (Arkansas, $400,000, sim=0.16)","Cole Adams (Alabama, $350,000, sim=0.15)","Barion Brown (LSU, $900,000, sim=0.14)",1150000.0
Brail Lipford,Vanderbilt,S,,510350.0754574367,comparative,1634054.875,"Jardin Gilbert (LSU, $600,000, sim=0.20)","DaShawn Jones (Alabama, $400,000, sim=0.17)","Domani Jackson (Alabama, $500,000, sim=0.16)",350000.0
Larry Benton III,Vanderbilt,TE,,467094.4009314679,comparative,99669.1640625,"Danny Lewis Jr. (Alabama, $400,000, sim=0.17)","Brody Dalton (Alabama, $300,000, sim=0.16)","Lawson Luckie (Georgia, $500,000, sim=0.15)",400000.0
Boski Barrett,Vanderbilt,WR,,707418.5402829144,comparative,361661.46875,"Jalen Brown (Arkansas, $400,000, sim=0.17)","Cole Adams (Alabama, $350,000, sim=0.16)","Barion Brown (LSU, $900,000, sim=0.13)",1150000.0
Vanzale Hinton,Vanderbilt,S,,506237.3584481146,comparative,251148.234375,"Cam Calhoun (Alabama, $350,000, sim=0.16)","Jardin Gilbert (LSU, $600,000, sim=0.15)","DaShawn Jones (Alabama, $400,000, sim=0.14)",350000.0
Kayleb Barnett,Vanderbilt,WR,,705409.6142086715,comparative,335624.75,"Jalen Brown (Arkansas, $400,000, sim=0.19)","Cole Adams (Alabama, $350,000, sim=0.17)","Cam Coleman (Auburn, $1,500,000, sim=0.13)",1150000.0
Elijah Rooney,Vanderbilt,TE,,467094.4009314679,comparative,99669.1640625,"Danny Lewis Jr. (Alabama, $400,000, sim=0.17)","Brody Dalton (Alabama, $300,000, sim=0.16)","Lawson Luckie (Georgia, $500,000, sim=0.15)",400000.0
Tre Richardson,Vanderbilt,WR,,813550.6218147823,comparative,3905741.5,"Cam Coleman (Auburn, $1,500,000, sim=0.18)","Isaiah Horton (Alabama, $600,000, sim=0.16)","Barion Brown (LSU, $900,000, sim=0.15)",1100000.0
Austin Howard,Vanderbilt,MLB,,741856.2704623004,comparative,117322.7265625,"Xavian Sorey Jr. (Arkansas, $500,000, sim=0.12)","Nikhai Hill-Green (Alabama, $400,000, sim=0.12)","Harold Perkins Jr. (LSU, $1,600,000, sim=0.12)",1250000.0
Ryder Brownstein,Vanderbilt,WR,,707524.2296543045,comparative,320613.5,"Jalen Brown (Arkansas, $400,000, sim=0.16)","Cole Adams (Alabama, $350,000, sim=0.15)","Barion Brown (LSU, $900,000, sim=0.12)",1150000.0
Wils Jackson,Vanderbilt,WR,,707524.2296543045,comparative,320613.5,"Jalen Brown (Arkansas, $400,000, sim=0.16)","Cole Adams (Alabama, $350,000, sim=0.15)","Barion Brown (LSU, $900,000, sim=0.12)",1150000.0
